match_id,account_id,hero_id,kills,deaths,assists,last_hits,xp_per_min,gold_per_min,team_id
6806663153,86799300,102,0,4,7,51,361,222,7390454
6806663153,221666230,52,6,4,5,300,578,526,7390454
6806663153,87063175,137,6,4,6,178,462,378,7390454
6806663153,108452107,10,2,0,1,331,647,535,7390454
6806663153,86726887,128,2,6,10,42,301,187,7390454
6806663153,898754153,6,4,3,8,372,796,686,15
6806663153,173978074,106,8,1,8,320,808,647,15
6806663153,118134220,96,4,1,10,292,757,576,15
6806663153,157475523,88,2,8,9,21,431,254,15
6806663153,111114687,66,0,3,11,100,352,308,15
6806047576,100594231,128,1,5,14,80,365,307,7732977
6806047576,155494381,100,3,8,11,114,358,297,7732977
6806047576,324277900,137,7,3,13,340,645,546,7732977
6806047576,156328257,43,7,4,9,283,595,470,7732977
6806047576,392565237,12,4,4,7,482,630,606,7732977
6806047576,183719386,15,10,6,12,289,711,525,2586976
6806047576,93618577,106,9,3,13,437,777,715,2586976
6806047576,90125566,111,1,6,21,21,399,288,2586976
6806047576,167976729,109,2,3,12,643,594,811,2586976
6806047576,401792574,51,2,5,20,52,430,329,2586976
6806638898,100594231,75,3,7,6,62,291,255,7732977
6806638898,155494381,100,2,9,13,102,351,317,7732977
6806638898,324277900,52,8,5,3,471,670,642,7732977
6806638898,156328257,29,0,4,10,238,535,361,7732977
6806638898,392565237,14,5,3,5,433,651,538,7732977
6806638898,206642367,93,10,2,11,423,761,625,6209804
6806638898,106863163,106,12,2,10,485,732,691,6209804
6806638898,94738847,33,3,5,18,272,583,464,6209804
6806638898,139876032,19,1,7,24,113,592,335,6209804
6806638898,94296097,87,2,3,17,53,511,336,6209804
6806648571,125995177,5,2,2,24,44,462,352,8131728
6806648571,131303632,11,13,1,8,387,860,834,8131728
6806648571,138177198,33,2,3,17,198,547,472,8131728
6806648571,105045291,19,5,5,18,83,649,391,8131728
6806648571,191290281,14,11,3,16,244,811,588,8131728
6806648571,91730177,58,3,8,6,133,337,342,8599101
6806648571,116934015,46,3,7,5,345,633,570,8599101
6806648571,97590558,38,3,6,11,337,716,536,8599101
6806648571,190826739,65,4,6,8,256,582,463,8599101
6806648571,16497807,86,1,8,10,99,379,295,8599101
6806662696,183719386,129,1,5,2,161,399,376,2586976
6806662696,93618577,74,3,4,2,147,485,436,2586976
6806662696,90125566,128,0,11,2,54,214,192,2586976
6806662696,167976729,95,0,7,0,188,402,383,2586976
6806662696,401792574,119,1,7,2,24,254,170,2586976
6806662696,86745912,11,9,1,9,201,617,667,39
6806662696,154715080,137,12,1,13,128,673,559,39
6806662696,124801257,61,7,0,15,169,663,603,39
6806662696,94155156,85,2,2,14,32,314,292,39
6806662696,25907144,123,4,1,21,22,493,299,39
6806632563,117421467,50,0,6,4,45,314,259,8721219
6806632563,195108598,38,1,3,5,162,493,410,8721219
6806632563,159020918,51,2,8,4,37,262,235,8721219
6806632563,106305042,11,4,4,3,226,560,539,8721219
6806632563,177411785,65,3,5,5,122,434,364,8721219
6806632563,54580962,128,2,2,14,53,374,262,2163
6806632563,73562326,29,7,1,8,133,595,451,2163
6806632563,152962063,52,8,1,9,256,762,592,2163
6806632563,77490514,137,5,6,15,51,424,318,2163
6806632563,72312627,89,4,0,9,294,669,634,2163
6806534528,86745912,70,10,5,12,474,832,717,39
6806534528,154715080,52,7,3,17,476,780,684,39
6806534528,124801257,15,8,2,20,355,705,582,39
6806534528,94155156,128,3,10,18,93,536,344,39
6806534528,25907144,100,9,6,23,75,659,376,39
6806534528,183719386,98,9,7,9,393,651,519,2586976
6806534528,90125566,51,1,10,20,42,407,251,2586976
6806534528,93618577,126,8,5,11,328,748,513,2586976
6806534528,167976729,109,4,5,11,673,672,775,2586976
6806534528,401792574,119,4,11,16,49,445,264,2586976
6806566779,100471531,15,1,8,2,228,500,439,350190
6806566779,102099826,136,1,9,4,68,366,245,350190
6806566779,164532005,65,2,7,0,232,538,450,350190
6806566779,132309493,46,2,3,1,346,637,598,350190
6806566779,148526973,96,1,11,1,51,283,250,350190
6806566779,155332459,111,6,1,14,24,406,270,7391077
6806566779,408729743,135,6,1,18,234,720,520,7391077
6806566779,352545711,22,13,0,13,269,866,652,7391077
6806566779,117089283,5,3,2,17,53,427,308,7391077
6806566779,339235645,14,10,3,14,331,958,750,7391077
6806554071,375507918,106,1,4,2,432,627,544,8597976
6806554071,301750126,17,2,4,3,249,451,430,8597976
6806554071,87012746,92,2,7,3,171,353,343,8597976
6806554071,193815691,51,1,8,3,51,187,201,8597976
6806554071,143278997,87,1,8,4,31,253,191,8597976
6806554071,148215639,6,6,1,9,288,651,612,6209166
6806554071,183378746,64,5,4,12,58,476,346,6209166
6806554071,129958758,61,7,0,15,233,629,575,6209166
6806554071,207829314,128,3,2,16,94,462,344,6209166
6806554071,107803494,137,9,1,14,204,668,585,6209166
6806547123,10366616,5,2,2,18,53,451,321,8291895
6806547123,100058342,81,11,1,8,254,652,615,8291895
6806547123,94786276,76,10,1,5,210,695,622,8291895
6806547123,86698277,92,2,2,17,197,583,514,8291895
6806547123,103735745,19,0,2,15,94,516,318,8291895
6806547123,38628747,123,1,3,5,62,277,236,8260983
6806547123,238239590,136,3,5,2,138,348,341,8260983
6806547123,126212866,78,0,7,6,144,435,360,8260983
6806547123,145550466,37,3,7,1,27,240,205,8260983
6806547123,97658618,10,1,3,1,277,521,519,8260983
6806547565,54580962,85,1,0,24,41,479,358,2163
6806547565,73562326,38,7,2,17,212,633,564,2163
6806547565,152962063,17,13,1,12,252,818,616,2163
6806547565,77490514,137,10,3,14,95,698,415,2163
6806547565,72312627,14,6,5,13,249,671,584,2163
6806547565,117421467,110,2,8,5,91,384,286,8721219
6806547565,195108598,136,2,5,5,127,417,343,8721219
6806547565,159020918,58,2,13,6,63,195,243,8721219
6806547565,106305042,22,3,9,6,173,429,450,8721219
6806547565,177411785,41,1,2,8,214,517,441,8721219
6806472970,100471531,33,1,7,8,223,396,399,350190
6806472970,102099826,136,2,9,9,37,302,197,350190
6806472970,164532005,52,4,8,5,301,646,503,350190
6806472970,132309493,114,4,5,6,237,485,433,350190
6806472970,148526973,22,5,5,8,99,413,315,350190
6806472970,155332459,88,2,3,25,27,589,282,7391077
6806472970,408729743,135,8,5,14,280,771,567,7391077
6806472970,352545711,19,4,2,19,226,721,538,7391077
6806472970,117089283,5,3,5,16,39,411,313,7391077
6806472970,339235645,72,16,1,10,477,979,892,7391077
6806464370,375507918,41,2,5,8,388,706,590,8597976
6806464370,301750126,74,4,4,4,250,539,507,8597976
6806464370,87012746,137,3,9,4,216,428,368,8597976
6806464370,193815691,86,2,7,5,57,281,231,8597976
6806464370,143278997,128,2,7,5,46,308,204,8597976
6806464370,148215639,10,19,0,4,341,899,776,6209166
6806464370,207829314,51,0,6,15,100,411,332,6209166
6806464370,129958758,78,3,1,21,173,762,477,6209166
6806464370,107803494,52,9,2,14,328,853,635,6209166
6806464370,183378746,79,1,4,14,73,399,329,6209166
6806442183,10366616,112,4,10,9,57,450,275,8291895
6806442183,100058342,48,3,9,7,324,577,464,8291895
6806442183,94786276,9,3,3,6,283,639,468,8291895
6806442183,86698277,92,4,4,10,306,585,459,8291895
6806442183,103735745,7,2,11,10,196,473,362,8291895
6806442183,38628747,123,15,2,17,109,587,423,8260983
6806442183,238239590,11,15,4,8,551,889,854,8260983
6806442183,126212866,136,5,5,19,197,658,435,8260983
6806442183,145550466,37,0,1,22,63,455,325,8260983
6806442183,97658618,14,2,4,20,296,727,522,8260983
6806481932,292921272,77,2,5,2,83,339,339,8254400
6806481932,119631156,33,0,7,3,42,227,223,8254400
6806481932,164685175,93,1,5,0,97,368,350,8254400
6806481932,157989498,71,2,8,2,13,258,183,8254400
6806481932,153836240,11,0,9,4,98,372,335,8254400
6806481932,87278757,75,2,2,11,42,306,279,1838315
6806481932,111030315,107,2,2,20,26,532,284,1838315
6806481932,127617979,28,8,0,8,129,640,516,1838315
6806481932,86725175,52,7,1,6,148,614,556,1838315
6806481932,121769650,35,15,1,8,158,669,690,1838315
6806454246,127565532,64,1,8,7,22,252,199,8605863
6806454246,96803083,52,3,5,4,239,585,434,8605863
6806454246,331855530,89,4,4,2,409,539,644,8605863
6806454246,140288368,61,2,6,5,187,448,397,8605863
6806454246,196878136,18,1,4,7,42,311,204,8605863
6806454246,113331514,58,2,4,12,102,424,316,7119388
6806454246,321580662,41,5,0,8,346,882,712,7119388
6806454246,431770905,74,15,0,10,343,845,741,7119388
6806454246,256156323,136,0,4,20,37,412,213,7119388
6806454246,302214028,129,5,3,15,296,563,478,7119388
6806403033,87278757,66,0,4,15,68,403,276,1838315
6806403033,111030315,107,8,7,12,45,599,353,1838315
6806403033,127617979,28,7,5,6,173,687,476,1838315
6806403033,86725175,52,3,6,12,235,647,535,1838315
6806403033,121769650,10,9,5,6,296,741,653,1838315
6806403033,292921272,96,8,3,12,231,560,462,8254400
6806403033,153836240,13,9,4,7,232,678,532,8254400
6806403033,119631156,58,3,7,9,102,413,323,8254400
6806403033,164685175,4,4,4,8,327,671,565,8254400
6806403033,157989498,128,2,9,17,65,376,266,8254400
6806374409,54580962,75,5,9,21,101,481,306,2163
6806374409,73562326,137,9,9,17,356,667,505,2163
6806374409,152962063,13,10,5,17,769,784,768,2163
6806374409,77490514,88,0,12,15,61,463,245,2163
6806374409,72312627,89,10,5,9,1009,568,908,2163
6806374409,86799300,128,4,12,14,203,495,411,7390454
6806374409,221666230,120,15,5,14,566,819,731,7390454
6806374409,87063175,61,3,6,12,398,702,452,7390454
6806374409,108452107,10,13,3,10,513,781,680,7390454
6806374409,86726887,71,3,9,33,142,566,367,7390454
6806377510,117421467,31,3,15,19,90,460,292,8721219
6806377510,195108598,137,10,7,17,260,667,474,8721219
6806377510,159020918,32,7,9,19,57,495,288,8721219
6806377510,106305042,22,10,7,20,348,642,569,8721219
6806377510,177411785,80,7,5,8,370,669,538,8721219
6806377510,206642367,1,7,6,13,471,927,700,6209804
6806377510,106863163,52,22,5,12,439,887,808,6209804
6806377510,94738847,96,6,5,29,198,720,437,6209804
6806377510,139876032,136,3,13,25,56,589,299,6209804
6806377510,94296097,79,5,9,12,18,420,323,6209804
6806364123,127565532,75,5,8,10,36,321,229,8605863
6806364123,96803083,74,6,6,2,310,669,570,8605863
6806364123,331855530,14,4,6,15,329,599,552,8605863
6806364123,140288368,92,4,8,7,161,439,356,8605863
6806364123,196878136,18,0,3,12,55,369,202,8605863
6806364123,113331514,58,5,5,13,114,477,415,7119388
6806364123,321580662,54,13,3,6,345,836,717,7119388
6806364123,431770905,120,10,3,15,335,908,703,7119388
6806364123,256156323,88,0,5,20,28,485,271,7119388
6806364123,302214028,38,2,3,20,255,601,520,7119388
6806365638,183719386,15,8,3,15,285,773,577,2586976
6806365638,90125566,128,1,10,20,35,432,284,2586976
6806365638,93618577,65,6,4,15,266,777,525,2586976
6806365638,167976729,89,8,2,13,492,722,817,2586976
6806365638,401792574,103,4,4,20,65,550,343,2586976
6806365638,91730177,87,1,6,18,33,412,282,8599101
6806365638,116934015,10,9,7,8,284,605,559,8599101
6806365638,97590558,33,4,6,15,195,516,435,8599101
6806365638,190826739,52,8,5,11,293,667,570,8599101
6806365638,16497807,137,0,3,17,80,581,293,8599101
6806094304,86799300,87,0,6,4,24,229,191,7390454
6806094304,221666230,25,2,3,2,237,457,470,7390454
6806094304,87063175,129,0,4,1,116,315,306,7390454
6806094304,108452107,93,1,1,1,182,530,449,7390454
6806094304,86726887,100,2,6,3,40,222,178,7390454
6806094304,86745912,109,2,1,9,226,523,596,39
6806094304,154715080,74,6,1,11,96,488,454,39
6806094304,124801257,61,5,1,8,173,530,578,39
6806094304,94155156,85,4,2,13,24,310,296,39
6806094304,25907144,86,2,0,14,30,393,289,39
6806047539,86745912,6,8,1,9,301,773,653,39
6806047539,154715080,137,6,2,13,212,667,516,39
6806047539,124801257,38,5,0,12,289,648,621,39
6806047539,94155156,85,0,0,15,22,367,248,39
6806047539,25907144,9,2,3,15,79,472,307,39
6806047539,86799300,3,0,6,2,41,237,186,7390454
6806047539,221666230,52,2,5,3,312,539,553,7390454
6806047539,87063175,97,1,3,1,149,331,318,7390454
6806047539,108452107,8,0,3,2,282,600,567,7390454
6806047539,86726887,136,3,4,2,56,344,223,7390454
6806322784,100594231,58,1,7,2,59,224,199,7732977
6806322784,155494381,128,6,9,6,66,398,249,7732977
6806322784,324277900,129,1,4,6,262,455,430,7732977
6806322784,156328257,97,3,10,7,228,455,372,7732977
6806322784,392565237,109,3,5,6,494,543,621,7732977
6806322784,125995177,87,3,3,20,28,444,295,8131728
6806322784,131303632,13,13,0,15,347,812,647,8131728
6806322784,138177198,98,9,1,15,314,742,610,8131728
6806322784,105045291,88,2,6,20,36,439,265,8131728
6806322784,191290281,11,8,4,16,471,824,754,8131728
6806278486,206642367,89,12,2,9,682,660,873,6209804
6806278486,106863163,13,6,6,12,396,667,587,6209804
6806278486,94738847,29,5,5,16,274,644,465,6209804
6806278486,139876032,7,3,6,13,84,505,297,6209804
6806278486,94296097,31,1,8,20,73,484,318,6209804
6806278486,117421467,101,3,7,18,32,421,276,8721219
6806278486,195108598,38,2,3,19,447,657,580,8721219
6806278486,159020918,136,6,8,8,138,513,327,8721219
6806278486,106305042,35,12,3,9,490,792,691,8721219
6806278486,177411785,65,4,6,14,274,602,418,8721219
6806282981,86799300,128,5,4,23,165,590,394,7390454
6806282981,221666230,52,12,3,21,522,837,773,7390454
6806282981,87063175,97,3,1,21,225,660,392,7390454
6806282981,108452107,114,15,2,18,362,778,637,7390454
6806282981,86726887,19,5,7,16,85,601,302,7390454
6806282981,54580962,30,7,11,5,73,396,279,2163
6806282981,73562326,96,2,8,7,223,532,369,2163
6806282981,152962063,10,6,6,5,395,643,525,2163
6806282981,77490514,51,2,10,13,53,314,228,2163
6806282981,72312627,77,0,5,12,350,483,454,2163
6806282012,898754153,93,5,11,6,364,635,523,15
6806282012,173978074,13,3,8,6,521,734,679,15
6806282012,118134220,69,4,9,9,210,638,569,15
6806282012,157475523,137,4,12,10,212,593,411,15
6806282012,111114687,31,1,10,12,92,426,359,15
6806282012,86745912,41,11,5,11,351,725,669,39
6806282012,154715080,106,10,4,23,367,751,624,39
6806282012,124801257,33,4,3,28,339,678,545,39
6806282012,94155156,58,12,2,22,116,614,415,39
6806282012,25907144,136,12,5,20,54,589,344,39
6806291706,91730177,135,1,11,7,81,315,273,8599101
6806291706,116934015,10,3,8,4,220,473,446,8599101
6806291706,97590558,78,2,8,9,166,375,373,8599101
6806291706,190826739,106,6,6,5,200,545,462,8599101
6806291706,16497807,75,3,5,7,38,278,224,8599101
6806291706,183719386,98,13,1,9,278,845,660,2586976
6806291706,90125566,64,1,9,20,31,444,249,2586976
6806291706,93618577,126,6,2,19,216,754,514,2586976
6806291706,167976729,93,13,0,15,240,884,627,2586976
6806291706,401792574,103,5,4,14,46,366,296,2586976
6806112746,206642367,70,11,1,3,120,510,583,6209804
6806112746,106863163,11,6,1,6,161,554,621,6209804
6806112746,94738847,61,4,1,8,132,628,523,6209804
6806112746,139876032,19,1,2,13,8,349,241,6209804
6806112746,94296097,128,4,1,10,31,370,308,6209804
6806112746,54580962,87,1,4,2,10,172,171,2163
6806112746,73562326,92,0,6,2,54,288,253,2163
6806112746,152962063,39,4,4,1,92,394,362,2163
6806112746,77490514,51,0,7,3,21,241,176,2163
6806112746,72312627,104,0,5,3,223,465,395,2163
6806244566,125995177,30,6,15,4,41,272,262,8131728
6806244566,131303632,120,4,8,9,292,621,473,8131728
6806244566,138177198,33,1,8,10,233,393,386,8131728
6806244566,105045291,88,1,14,8,31,341,199,8131728
6806244566,191290281,44,3,7,7,466,726,624,8131728
6806244566,100594231,75,3,5,26,44,396,312,7732977
6806244566,155494381,100,4,4,39,85,768,357,7732977
6806244566,324277900,129,14,4,27,275,786,569,7732977
6806244566,156328257,43,10,2,27,286,786,565,7732977
6806244566,392565237,46,21,1,13,499,896,825,7732977
6806227577,38628747,136,2,7,19,34,500,295,8260983
6806227577,238239590,19,7,1,18,230,728,528,8260983
6806227577,126212866,43,7,2,13,277,705,564,8260983
6806227577,145550466,66,0,2,15,143,520,383,8260983
6806227577,97658618,10,12,0,1,421,848,754,8260983
6806227577,375507918,25,6,5,3,385,766,618,8597976
6806227577,301750126,13,1,4,6,327,608,498,8597976
6806227577,87012746,29,2,6,7,218,546,410,8597976
6806227577,193815691,137,3,4,7,169,474,350,8597976
6806227577,143278997,58,0,10,8,71,300,225,8597976
6806228770,898754153,48,0,5,4,327,635,546,15
6806228770,173978074,129,1,5,5,183,507,417,15
6806228770,118134220,92,1,7,5,95,302,291,15
6806228770,157475523,136,3,7,4,68,348,272,15
6806228770,111114687,111,4,6,10,34,292,240,15
6806228770,86745912,11,10,0,5,291,725,657,39
6806228770,154715080,137,10,0,14,139,603,460,39
6806228770,124801257,33,5,1,12,207,553,546,39
6806228770,94155156,18,2,3,18,39,487,268,39
6806228770,25907144,86,3,5,13,68,424,316,39
6806205877,148215639,80,4,4,4,405,700,580,6209166
6806205877,129958758,78,2,10,15,185,505,347,6209166
6806205877,207829314,137,2,12,11,102,428,276,6209166
6806205877,107803494,13,15,7,4,342,674,550,6209166
6806205877,183378746,112,0,5,10,75,315,270,6209166
6806205877,10366616,79,3,6,21,96,538,338,8291895
6806205877,100058342,70,13,3,13,598,879,840,8291895
6806205877,94786276,126,13,2,16,400,840,638,8291895
6806205877,86698277,33,6,5,26,371,653,555,8291895
6806205877,103735745,7,3,7,27,209,641,428,8291895
6806203596,100471531,43,8,5,12,265,631,472,350190
6806203596,102099826,19,6,8,18,129,652,385,350190
6806203596,164532005,13,9,6,19,352,724,595,350190
6806203596,132309493,109,6,2,14,684,698,860,350190
6806203596,148526973,85,3,9,17,36,488,341,350190
6806203596,113331514,51,4,6,18,46,454,268,7119388
6806203596,321580662,11,8,6,7,546,773,725,7119388
6806203596,431770905,126,8,1,15,433,704,601,7119388
6806203596,256156323,86,1,13,21,110,448,325,7119388
6806203596,302214028,129,8,6,13,253,665,460,7119388
6806191928,292921272,120,9,0,12,188,691,567,8254400
6806191928,157989498,88,1,2,14,20,479,261,8254400
6806191928,119631156,75,5,4,22,34,450,350,8254400
6806191928,164685175,18,10,2,5,346,912,832,8254400
6806191928,153836240,137,6,0,16,156,679,513,8254400
6806191928,127565532,87,1,7,2,21,225,174,8605863
6806191928,96803083,11,3,3,3,273,638,536,8605863
6806191928,331855530,28,1,6,1,206,564,446,8605863
6806191928,140288368,89,1,7,3,138,321,353,8605863
6806191928,196878136,136,2,9,2,65,286,275,8605863
6806158709,375507918,11,15,3,9,449,819,744,8597976
6806158709,301750126,120,14,2,18,323,785,618,8597976
6806158709,87012746,69,10,2,10,221,833,710,8597976
6806158709,193815691,7,5,5,21,77,687,344,8597976
6806158709,143278997,87,2,8,23,23,488,265,8597976
6806158709,38628747,86,1,9,8,84,424,267,8260983
6806158709,238239590,13,5,8,7,278,676,447,8260983
6806158709,126212866,135,6,7,4,362,638,537,8260983
6806158709,145550466,85,2,15,9,22,358,242,8260983
6806158709,97658618,35,6,7,3,393,642,569,8260983
6806174698,155332459,123,7,3,18,34,467,305,7391077
6806174698,408729743,135,6,1,20,208,686,543,7391077
6806174698,352545711,22,11,2,15,229,713,606,7391077
6806174698,117089283,5,3,2,14,43,313,294,7391077
6806174698,339235645,14,11,0,9,340,918,767,7391077
6806174698,87278757,66,0,8,2,80,198,248,1838315
6806174698,86725175,69,2,8,0,85,334,422,1838315
6806174698,127617979,11,1,8,1,165,410,363,1838315
6806174698,111030315,7,2,8,4,26,260,203,1838315
6806174698,121769650,106,3,6,3,168,474,414,1838315
6806155276,10366616,5,0,8,6,70,337,241,8291895
6806155276,100058342,54,7,5,3,257,549,523,8291895
6806155276,94786276,100,1,12,7,162,561,376,8291895
6806155276,86698277,61,3,6,5,203,474,410,8291895
6806155276,103735745,7,2,7,9,108,442,326,8291895
6806155276,148215639,48,11,0,14,429,888,768,6209166
6806155276,129958758,129,6,3,21,267,704,516,6209166
6806155276,207829314,136,3,3,13,45,618,286,6209166
6806155276,107803494,137,10,3,15,308,645,506,6209166
6806155276,183378746,64,7,4,16,75,485,327,6209166
6806146943,100471531,114,1,4,2,215,461,432,350190
6806146943,102099826,123,1,2,3,65,332,287,350190
6806146943,164532005,43,1,3,2,267,476,493,350190
6806146943,132309493,10,0,1,2,344,547,531,350190
6806146943,148526973,85,1,8,3,40,268,239,350190
6806146943,113331514,51,1,2,10,31,383,281,7119388
6806146943,321580662,80,4,1,2,357,697,653,7119388
6806146943,431770905,52,8,1,1,363,827,691,7119388
6806146943,256156323,128,3,0,9,118,440,364,7119388
6806146943,302214028,96,1,1,9,157,467,392,7119388
6806142086,292921272,33,1,5,7,153,393,366,8254400
6806142086,157989498,19,2,10,5,43,284,211,8254400
6806142086,164685175,109,2,6,2,279,505,536,8254400
6806142086,119631156,102,3,8,3,15,264,211,8254400
6806142086,153836240,40,3,9,5,120,388,342,8254400
6806142086,127565532,75,3,4,20,41,438,298,8605863
6806142086,96803083,52,12,0,13,297,935,669,8605863
6806142086,331855530,14,16,0,8,240,763,648,8605863
6806142086,140288368,78,5,3,15,148,565,449,8605863
6806142086,196878136,18,1,4,26,46,532,308,8605863
6806133891,155332459,123,1,5,4,22,224,178,7391077
6806133891,408729743,57,2,4,3,71,270,259,7391077
6806133891,352545711,52,0,7,2,196,386,421,7391077
6806133891,117089283,31,1,7,4,15,163,159,7391077
6806133891,339235645,44,1,3,2,235,553,499,7391077
6806133891,87278757,66,1,1,17,54,372,320,1838315
6806133891,111030315,136,3,2,16,57,401,338,1838315
6806133891,127617979,70,7,1,7,178,533,553,1838315
6806133891,121769650,11,8,1,8,234,628,599,1838315
6806133891,86725175,9,7,0,9,215,654,570,1838315
6806101302,100594231,85,7,7,17,50,464,299,7732977
6806101302,155494381,128,3,6,19,114,461,313,7732977
6806101302,324277900,52,15,5,9,526,722,758,7732977
6806101302,156328257,120,4,4,21,361,630,533,7732977
6806101302,392565237,109,6,5,15,697,624,817,7732977
6806101302,183719386,28,11,6,10,310,674,534,2586976
6806101302,93618577,74,8,3,12,563,800,810,2586976
6806101302,90125566,64,1,6,17,106,523,346,2586976
6806101302,167976729,89,3,4,11,951,658,962,2586976
6806101302,401792574,136,3,16,15,101,449,350,2586976
6806097565,117421467,75,6,12,20,150,560,416,8721219
6806097565,195108598,120,5,3,22,253,641,453,8721219
6806097565,159020918,51,3,11,18,122,463,342,8721219
6806097565,106305042,35,12,5,13,504,827,719,8721219
6806097565,177411785,38,5,4,19,315,675,496,8721219
6806097565,91730177,85,2,8,24,67,640,307,8599101
6806097565,116934015,10,13,3,12,766,792,995,8599101
6806097565,97590558,78,7,6,17,283,657,512,8599101
6806097565,190826739,137,11,8,14,401,725,625,8599101
6806097565,16497807,5,2,7,19,94,502,315,8599101
6806097974,125995177,51,1,4,19,43,411,255,8131728
6806097974,131303632,22,6,0,19,229,672,510,8131728
6806097974,138177198,136,13,2,18,126,575,435,8131728
6806097974,105045291,128,2,2,23,122,474,354,8131728
6806097974,191290281,10,12,1,7,392,851,725,8131728
6806097974,898754153,41,3,4,2,330,738,563,15
6806097974,173978074,52,2,6,3,255,484,466,15
6806097974,118134220,92,0,5,3,199,410,393,15
6806097974,157475523,19,1,9,1,73,293,255,15
6806097974,111114687,31,0,10,2,25,258,180,15
6806047119,206642367,70,14,6,5,347,630,539,6209804
6806047119,106863163,39,7,2,11,474,718,614,6209804
6806047119,139876032,86,0,10,17,78,445,287,6209804
6806047119,94738847,96,1,8,17,267,539,414,6209804
6806047119,94296097,66,2,9,14,164,438,333,6209804
6806047119,54580962,33,1,8,23,229,393,450,2163
6806047119,73562326,97,5,5,20,230,626,419,2163
6806047119,152962063,11,17,3,12,522,733,710,2163
6806047119,77490514,100,3,5,23,111,602,341,2163
6806047119,72312627,93,9,3,19,432,699,578,2163
6806047605,91730177,66,0,6,16,82,466,309,8599101
6806047605,116934015,11,8,8,9,370,689,669,8599101
6806047605,97590558,38,2,7,18,302,689,509,8599101
6806047605,190826739,74,7,3,12,274,676,534,8599101
6806047605,16497807,100,5,8,12,76,582,324,8599101
6806047605,117421467,75,9,4,14,75,379,312,8721219
6806047605,195108598,120,7,4,14,302,632,501,8721219
6806047605,159020918,137,3,10,16,94,400,255,8721219
6806047605,106305042,22,10,2,13,354,730,595,8721219
6806047605,177411785,63,3,2,15,367,681,544,8721219
6806047579,125995177,112,4,8,6,45,286,248,8131728
6806047579,131303632,23,2,3,10,376,645,564,8131728
6806047579,138177198,78,6,3,15,173,463,376,8131728
6806047579,105045291,51,4,5,12,108,401,339,8131728
6806047579,191290281,11,7,3,7,475,713,707,8131728
6806047579,898754153,109,10,3,4,605,801,868,15
6806047579,173978074,22,6,5,9,277,728,550,15
6806047579,118134220,33,3,4,15,246,398,447,15
6806047579,157475523,19,3,6,10,123,479,333,15
6806047579,111114687,50,0,5,13,54,499,280,15
6806751717,125995177,85,1,20,10,36,247,210,8131728
6806751717,131303632,22,4,6,7,310,579,507,8131728
6806751717,138177198,63,1,6,10,264,552,439,8131728
6806751717,105045291,26,0,15,6,34,250,176,8131728
6806751717,191290281,18,5,7,2,425,786,607,8131728
6806751717,91730177,58,15,2,20,155,634,479,8599101
6806751717,116934015,10,8,2,15,502,869,779,8599101
6806751717,97590558,78,12,1,32,260,801,604,8599101
6806751717,190826739,120,12,4,27,308,749,571,8599101
6806751717,16497807,75,7,3,38,105,609,395,8599101
6806790160,898754153,46,2,4,1,566,888,724,15
6806790160,173978074,52,4,6,1,353,577,515,15
6806790160,118134220,129,0,10,4,215,392,369,15
6806790160,157475523,86,2,5,5,68,339,238,15
6806790160,111114687,66,1,4,3,122,254,306,15
6806790160,86799300,97,0,4,15,111,468,336,7390454
6806790160,221666230,120,7,3,18,361,789,622,7390454
6806790160,87063175,43,11,0,14,287,799,592,7390454
6806790160,108452107,54,7,0,10,364,762,618,7390454
6806790160,86726887,9,4,2,13,178,551,409,7390454
6806767627,392565237,35,9,3,5,1058,750,970,7732977
6806767627,100594231,66,2,4,17,104,339,256,7732977
6806767627,324277900,106,8,3,9,946,818,886,7732977
6806767627,156328257,136,4,6,13,256,536,368,7732977
6806767627,155494381,88,0,8,16,43,448,204,7732977
6806767627,206642367,80,2,3,13,645,669,623,6209804
6806767627,106863163,52,13,3,4,703,757,777,6209804
6806767627,94738847,77,3,2,12,479,559,560,6209804
6806767627,139876032,19,4,8,13,163,495,354,6209804
6806767627,94296097,31,1,7,18,66,441,323,6209804
6807716914,38628747,119,1,7,0,40,225,205,8260983
6807716914,238239590,19,0,3,2,123,420,349,8260983
6807716914,126212866,129,0,6,1,108,374,315,8260983
6807716914,145550466,51,0,6,2,9,198,142,8260983
6807716914,97658618,11,2,5,0,210,402,465,8260983
6807716914,148215639,6,3,0,10,225,636,633,6209166
6807716914,129958758,92,9,0,8,137,508,499,6209166
6807716914,207829314,136,6,1,13,47,438,334,6209166
6807716914,107803494,13,5,1,9,156,551,490,6209166
6807716914,183378746,18,4,1,8,12,344,259,6209166
6807718331,87278757,58,11,8,14,230,685,494,1838315
6807718331,111030315,107,4,7,23,108,692,367,1838315
6807718331,127617979,47,2,8,11,302,604,484,1838315
6807718331,86725175,137,7,6,12,417,850,646,1838315
6807718331,121769650,35,11,4,14,419,778,697,1838315
6807718331,100471531,33,2,8,18,291,508,432,350190
6807718331,102099826,19,3,11,19,154,524,328,350190
6807718331,164532005,39,12,2,14,428,694,619,350190
6807718331,132309493,4,14,4,12,466,725,638,350190
6807718331,148526973,5,2,10,21,84,415,268,350190
6807722622,155332459,5,2,13,6,116,307,221,7391077
6807722622,408729743,104,0,8,5,327,470,341,7391077
6807722622,352545711,129,3,5,5,303,577,418,7391077
6807722622,117089283,68,0,10,11,35,266,202,7391077
6807722622,339235645,18,10,9,3,412,745,629,7391077
6807722622,127565532,64,9,4,25,57,631,372,8605863
6807722622,96803083,113,6,4,19,436,834,817,8605863
6807722622,331855530,52,14,3,16,392,743,657,8605863
6807722622,140288368,61,9,0,24,270,846,543,8605863
6807722622,196878136,136,7,4,23,84,608,341,8605863
6807721747,113331514,30,2,12,5,42,272,231,7119388
6807721747,321580662,109,1,3,4,498,549,685,7119388
6807721747,431770905,74,3,2,4,339,592,606,7119388
6807721747,256156323,88,1,9,4,44,303,212,7119388
6807721747,302214028,38,3,5,4,246,512,413,7119388
6807721747,375507918,69,10,2,12,303,857,885,8597976
6807721747,301750126,46,10,0,7,382,756,710,8597976
6807721747,87012746,92,4,2,12,250,535,493,8597976
6807721747,193815691,19,2,4,14,37,480,270,8597976
6807721747,143278997,85,4,2,17,42,465,309,8597976
6807714693,292921272,128,12,0,10,221,624,538,8254400
6807714693,153836240,137,7,1,20,290,727,586,8254400
6807714693,119631156,75,3,4,21,66,507,305,8254400
6807714693,164685175,18,7,4,10,574,904,874,8254400
6807714693,157989498,19,6,3,17,54,406,312,8254400
6807714693,10366616,111,1,12,8,23,262,204,8291895
6807714693,100058342,109,2,4,3,443,528,627,8291895
6807714693,94786276,106,5,6,4,254,591,496,8291895
6807714693,86698277,33,2,6,8,230,390,442,8291895
6807714693,103735745,7,2,7,7,96,375,291,8291895
6807805121,54580962,128,2,7,21,214,490,366,2163
6807805121,73562326,43,13,5,17,503,784,563,2163
6807805121,152962063,11,12,2,12,774,798,752,2163
6807805121,77490514,71,4,11,32,382,684,495,2163
6807805121,72312627,14,11,9,22,507,783,573,2163
6807805121,86745912,18,12,9,7,820,859,826,39
6807805121,154715080,39,7,3,19,531,839,594,39
6807805121,124801257,61,8,4,21,481,756,581,39
6807805121,94155156,85,1,13,25,75,408,291,39
6807805121,25907144,123,6,14,16,82,455,285,39
6807837834,898754153,11,4,2,5,272,748,676,15
6807837834,173978074,120,12,0,12,161,751,581,15
6807837834,118134220,40,9,2,11,171,493,537,15
6807837834,157475523,88,3,2,21,27,488,307,15
6807837834,111114687,85,5,3,14,44,415,353,15
6807837834,183719386,15,2,9,3,170,489,410,2586976
6807837834,167976729,41,1,6,6,172,535,441,2586976
6807837834,93618577,97,1,5,6,170,448,389,2586976
6807837834,90125566,45,2,9,3,38,230,197,2586976
6807837834,401792574,103,2,6,5,40,230,213,2586976
6807826416,100594231,31,3,6,7,28,301,263,7732977
6807826416,155494381,19,1,9,7,56,330,236,7732977
6807826416,324277900,65,6,5,6,200,485,454,7732977
6807826416,156328257,33,1,7,7,168,395,368,7732977
6807826416,392565237,44,2,3,4,279,609,545,7732977
6807826416,91730177,136,3,3,19,50,440,307,8599101
6807826416,116934015,11,10,2,8,306,736,717,8599101
6807826416,97590558,38,6,2,17,247,663,533,8599101
6807826416,190826739,120,4,4,22,205,660,509,8599101
6807826416,16497807,86,7,2,19,77,534,375,8599101
6807818563,125995177,43,2,8,6,53,322,267,8131728
6807818563,131303632,23,9,5,3,621,853,726,8131728
6807818563,138177198,136,3,8,8,236,507,381,8131728
6807818563,105045291,128,2,6,13,127,386,300,8131728
6807818563,191290281,14,12,7,8,458,985,657,8131728
6807818563,117421467,85,6,5,14,130,672,413,8721219
6807818563,195108598,38,6,5,20,320,767,592,8721219
6807818563,159020918,27,1,11,12,58,466,299,8721219
6807818563,106305042,120,8,5,17,365,844,643,8721219
6807818563,177411785,53,13,4,12,534,886,809,8721219
6807776673,100471531,33,8,2,23,241,703,503,350190
6807776673,102099826,100,13,8,18,66,650,345,350190
6807776673,164532005,120,10,3,28,391,775,676,350190
6807776673,132309493,109,8,0,31,537,771,778,350190
6807776673,148526973,85,8,6,32,78,565,363,350190
6807776673,87278757,58,2,15,7,231,412,368,1838315
6807776673,111030315,107,2,12,15,79,412,273,1838315
6807776673,127617979,10,7,4,1,534,731,662,1838315
6807776673,86725175,52,3,11,6,350,614,477,1838315
6807776673,121769650,22,5,6,9,366,643,561,1838315
6807772726,375507918,6,6,4,6,395,717,581,8597976
6807772726,301750126,39,9,4,4,352,668,543,8597976
6807772726,87012746,33,3,3,10,233,330,406,8597976
6807772726,193815691,136,1,8,15,92,364,236,8597976
6807772726,143278997,100,4,9,12,36,286,236,8597976
6807772726,113331514,85,3,7,16,35,426,269,7119388
6807772726,321580662,72,10,3,10,610,846,888,7119388
6807772726,431770905,11,10,3,5,425,806,651,7119388
6807772726,256156323,20,0,8,23,36,556,277,7119388
6807772726,302214028,129,5,3,14,285,673,551,7119388
6807772753,155332459,123,2,6,11,38,337,221,7391077
6807772753,408729743,136,7,5,5,169,516,395,7391077
6807772753,352545711,22,4,5,4,286,614,530,7391077
6807772753,117089283,85,1,7,11,19,268,187,7391077
6807772753,339235645,48,3,4,9,474,766,656,7391077
6807772753,127565532,68,3,6,12,47,414,286,8605863
6807772753,96803083,113,17,1,4,487,885,906,8605863
6807772753,331855530,52,3,4,17,537,871,711,8605863
6807772753,140288368,89,3,2,18,329,583,532,8605863
6807772753,196878136,88,1,4,13,61,480,289,8605863
6807768064,292921272,128,11,4,6,167,481,461,8254400
6807768064,153836240,108,6,6,9,209,573,509,8254400
6807768064,164685175,81,3,5,4,324,589,600,8254400
6807768064,119631156,136,3,9,15,37,473,271,8254400
6807768064,157989498,135,2,6,17,87,397,317,8254400
6807768064,10366616,5,5,9,14,61,472,315,8291895
6807768064,100058342,89,3,2,11,461,641,750,8291895
6807768064,94786276,19,5,6,9,192,669,480,8291895
6807768064,86698277,69,12,2,10,282,954,822,8291895
6807768064,103735745,123,4,6,18,92,555,357,8291895
6807758884,148215639,6,9,0,11,419,763,721,6209166
6807758884,207829314,128,5,4,13,82,454,302,6209166
6807758884,129958758,78,3,2,14,177,525,404,6209166
6807758884,107803494,52,5,4,7,340,815,660,6209166
6807758884,183378746,18,1,4,19,29,397,255,6209166
6807758884,38628747,86,1,6,7,97,406,253,8260983
6807758884,238239590,11,7,3,2,449,741,617,8260983
6807758884,126212866,38,1,6,5,267,418,436,8260983
6807758884,145550466,68,1,4,11,35,273,221,8260983
6807758884,97658618,14,4,5,6,312,603,469,8260983
6807900926,86799300,85,1,3,1,49,247,205,7390454
6807900926,221666230,126,5,7,2,91,395,343,7390454
6807900926,87063175,69,0,9,2,85,273,412,7390454
6807900926,108452107,11,1,3,2,210,510,451,7390454
6807900926,86726887,86,0,2,6,37,284,189,7390454
6807900926,206642367,80,11,0,8,195,646,656,6209804
6807900926,106863163,52,8,1,4,184,635,604,6209804
6807900926,94738847,92,2,0,10,125,512,469,6209804
6807900926,139876032,19,2,5,13,26,329,287,6209804
6807900926,94296097,31,1,1,18,35,378,320,6209804
6807892967,100594231,85,1,2,11,27,330,286,7732977
6807892967,155494381,123,2,1,21,77,554,351,7732977
6807892967,324277900,19,11,1,12,193,704,581,7732977
6807892967,156328257,129,10,1,13,191,599,578,7732977
6807892967,392565237,14,7,1,9,267,768,668,7732977
6807892967,91730177,58,1,8,3,78,247,250,8599101
6807892967,116934015,41,0,4,5,189,484,440,8599101
6807892967,97590558,78,1,8,3,95,307,269,8599101
6807892967,190826739,17,4,6,1,187,426,405,8599101
6807892967,16497807,136,0,5,3,83,299,259,8599101
6807886590,898754153,53,7,0,9,377,872,867,15
6807886590,173978074,120,7,0,13,184,591,530,15
6807886590,118134220,43,8,1,10,138,511,469,15
6807886590,157475523,137,2,1,15,150,569,417,15
6807886590,111114687,50,2,2,13,40,346,306,15
6807886590,183719386,29,1,4,1,179,416,375,2586976
6807886590,93618577,74,1,2,2,197,468,459,2586976
6807886590,167976729,11,1,4,2,280,563,535,2586976
6807886590,90125566,19,0,9,3,10,246,141,2586976
6807886590,401792574,111,1,8,4,29,255,195,2586976
6807886186,86745912,41,2,5,7,137,420,418,39
6807886186,154715080,25,4,3,3,190,621,535,39
6807886186,124801257,77,1,1,3,155,425,433,39
6807886186,94155156,58,2,6,6,47,256,233,39
6807886186,25907144,9,3,5,3,42,331,269,39
6807886186,54580962,5,3,4,9,32,307,323,2163
6807886186,73562326,33,3,3,9,114,439,427,2163
6807886186,152962063,52,7,1,5,266,781,746,2163
6807886186,77490514,19,5,4,10,52,428,356,2163
6807886186,72312627,80,2,1,10,183,676,603,2163
6807880611,125995177,102,1,4,12,25,371,269,8131728
6807880611,131303632,59,5,6,8,182,538,467,8131728
6807880611,138177198,120,3,5,10,171,599,447,8131728
6807880611,105045291,9,1,6,12,63,378,300,8131728
6807880611,191290281,11,10,3,7,310,734,739,8131728
6807880611,117421467,75,5,4,11,62,426,312,8721219
6807880611,195108598,137,5,4,6,201,467,433,8721219
6807880611,159020918,58,0,7,9,120,381,311,8721219
6807880611,106305042,39,10,1,5,222,701,539,8721219
6807880611,177411785,70,4,4,3,197,493,427,8721219
6807826682,86799300,31,2,9,10,69,351,261,7390454
6807826682,221666230,52,7,5,3,467,814,624,7390454
6807826682,87063175,96,2,6,6,198,488,342,7390454
6807826682,108452107,93,3,6,9,262,559,387,7390454
6807826682,86726887,71,6,8,11,63,378,283,7390454
6807826682,206642367,6,11,3,17,378,774,679,6209804
6807826682,106863163,65,7,4,15,242,682,498,6209804
6807826682,94738847,43,8,2,16,213,758,496,6209804
6807826682,139876032,136,5,7,19,88,601,350,6209804
6807826682,94296097,87,3,4,21,46,438,285,6209804
6807935361,375507918,80,9,6,2,433,517,589,8597976
6807935361,301750126,120,5,6,6,411,585,542,8597976
6807935361,87012746,55,2,6,11,252,393,360,8597976
6807935361,193815691,121,2,10,17,141,336,321,8597976
6807935361,143278997,51,4,15,9,39,324,236,8597976
6807935361,10366616,75,6,7,29,125,606,363,8291895
6807935361,100058342,89,8,2,17,856,649,947,8291895
6807935361,94786276,23,13,4,22,417,731,616,8291895
6807935361,86698277,69,14,4,16,487,768,849,8291895
6807935361,103735745,123,2,5,27,101,544,311,8291895
6807938213,148215639,80,8,5,7,337,583,532,6209166
6807938213,129958758,129,6,2,14,355,590,446,6209166
6807938213,107803494,11,2,5,13,418,592,536,6209166
6807938213,207829314,128,2,6,12,121,439,260,6209166
6807938213,183378746,57,2,7,10,52,329,261,6209166
6807938213,127565532,75,5,5,15,77,491,341,8605863
6807938213,96803083,65,4,1,17,386,765,599,8605863
6807938213,331855530,10,13,0,9,497,819,738,8605863
6807938213,140288368,61,3,7,18,248,648,474,8605863
6807938213,196878136,88,0,7,18,31,442,246,8605863
6807946326,38628747,7,2,15,9,65,348,264,8260983
6807946326,238239590,39,6,5,5,281,712,531,8260983
6807946326,126212866,92,2,9,6,176,500,351,8260983
6807946326,145550466,66,1,3,8,64,311,245,8260983
6807946326,97658618,6,3,5,3,336,588,569,8260983
6807946326,87278757,5,4,5,22,102,506,369,1838315
6807946326,111030315,88,2,2,20,26,588,287,1838315
6807946326,127617979,11,11,1,13,348,886,681,1838315
6807946326,121769650,35,8,2,12,409,822,734,1838315
6807946326,86725175,135,12,4,14,264,830,586,1838315
6807939991,292921272,65,6,2,6,230,569,466,8254400
6807939991,157989498,7,0,11,8,55,296,244,8254400
6807939991,164685175,8,2,6,5,311,586,540,8254400
6807939991,119631156,85,4,8,7,44,355,304,8254400
6807939991,153836240,25,6,8,5,304,606,539,8254400
6807939991,100471531,136,7,5,15,146,634,465,350190
6807939991,102099826,123,9,1,19,91,743,422,350190
6807939991,164532005,120,11,4,11,259,803,624,350190
6807939991,132309493,54,6,0,10,289,718,633,350190
6807939991,148526973,58,2,8,15,165,443,419,350190
6807936112,155332459,88,2,6,32,23,653,325,7391077
6807936112,408729743,33,15,4,20,241,631,625,7391077
6807936112,352545711,17,16,3,15,209,785,606,7391077
6807936112,117089283,3,2,2,11,21,437,278,7391077
6807936112,339235645,41,7,2,10,335,886,716,7391077
6807936112,113331514,85,1,10,10,33,280,247,7119388
6807936112,321580662,6,1,9,8,270,544,461,7119388
6807936112,431770905,120,5,7,8,266,629,500,7119388
6807936112,256156323,136,4,12,12,27,355,222,7119388
6807936112,302214028,60,5,6,5,165,496,407,7119388
6808011785,292921272,120,0,3,4,214,494,455,8254400
6808011785,157989498,27,0,9,1,45,230,212,8254400
6808011785,119631156,136,2,8,3,27,268,214,8254400
6808011785,164685175,94,1,5,3,280,584,524,8254400
6808011785,153836240,23,2,6,3,185,429,409,8254400
6808011785,100471531,29,4,2,17,195,719,558,350190
6808011785,102099826,19,3,2,19,52,518,335,350190
6808011785,164532005,13,7,0,14,202,669,578,350190
6808011785,132309493,46,12,0,9,312,828,773,350190
6808011785,148526973,31,5,2,15,36,440,359,350190
6808042242,10366616,5,2,8,20,70,472,329,8291895
6808042242,100058342,81,14,3,14,344,696,649,8291895
6808042242,94786276,120,11,2,17,280,807,572,8291895
6808042242,86698277,92,6,4,22,275,715,555,8291895
6808042242,103735745,51,5,7,22,119,535,413,8291895
6808042242,375507918,10,8,5,5,453,610,615,8597976
6808042242,301750126,106,5,5,12,313,635,509,8597976
6808042242,87012746,78,0,9,16,183,453,355,8597976
6808042242,193815691,136,3,11,14,94,434,263,8597976
6808042242,143278997,75,7,8,10,49,327,266,8597976
6808030636,87278757,5,1,6,28,146,594,349,1838315
6808030636,111030315,88,2,6,25,50,601,334,1838315
6808030636,86725175,9,8,2,16,328,817,595,1838315
6808030636,127617979,135,15,2,21,401,855,681,1838315
6808030636,121769650,11,13,3,12,438,855,747,1838315
6808030636,38628747,114,0,9,17,46,530,234,8260983
6808030636,238239590,35,4,9,9,284,489,466,8260983
6808030636,126212866,61,4,9,12,221,507,415,8260983
6808030636,145550466,66,0,7,13,66,298,228,8260983
6808030636,97658618,10,11,5,4,376,772,625,8260983
6808028757,127565532,75,0,6,4,24,163,174,8605863
6808028757,96803083,34,4,4,2,196,585,437,8605863
6808028757,331855530,94,1,4,3,277,519,482,8605863
6808028757,140288368,61,1,3,4,139,348,333,8605863
6808028757,196878136,18,1,6,5,35,246,226,8605863
6808028757,148215639,11,9,1,7,330,741,713,6209166
6808028757,107803494,14,7,1,11,282,716,561,6209166
6808028757,129958758,97,3,0,14,235,603,466,6209166
6808028757,207829314,51,3,4,15,77,428,336,6209166
6808028757,183378746,57,1,1,8,36,417,275,6209166
6808012161,155332459,136,4,5,15,106,423,304,7391077
6808012161,408729743,29,7,6,9,215,521,410,7391077
6808012161,352545711,65,6,5,11,404,833,623,7391077
6808012161,117089283,5,3,9,13,32,303,216,7391077
6808012161,339235645,23,7,4,6,428,687,622,7391077
6808012161,113331514,64,5,10,18,44,523,316,7119388
6808012161,321580662,95,4,1,14,405,885,693,7119388
6808012161,431770905,120,14,2,12,342,948,694,7119388
6808012161,256156323,19,4,9,18,70,478,338,7119388
6808012161,302214028,33,1,5,18,226,654,479,7119388
6808373109,155332459,136,5,4,18,55,592,334,7391077
6808373109,408729743,135,10,4,21,240,828,557,7391077
6808373109,352545711,106,15,2,15,284,882,666,7391077
6808373109,117089283,50,1,4,20,38,379,271,7391077
6808373109,339235645,14,9,1,13,348,871,698,7391077
6808373109,375507918,11,1,7,5,287,500,474,8597976
6808373109,301750126,120,9,7,6,210,629,465,8597976
6808373109,87012746,43,4,6,8,179,548,376,8597976
6808373109,193815691,7,1,8,11,46,356,226,8597976
6808373109,143278997,85,0,12,11,20,235,214,8597976
6808272936,155332459,88,5,8,23,76,460,334,7391077
6808272936,408729743,33,6,2,22,246,664,536,7391077
6808272936,352545711,19,12,2,15,231,680,591,7391077
6808272936,117089283,85,4,2,23,41,521,366,7391077
6808272936,339235645,14,17,2,9,313,892,678,7391077
6808272936,375507918,70,4,6,5,371,670,558,8597976
6808272936,301750126,126,4,3,9,284,696,487,8597976
6808272936,87012746,92,2,12,8,169,344,358,8597976
6808272936,193815691,86,3,9,7,60,399,287,8597976
6808272936,143278997,51,1,14,9,32,214,213,8597976
6808348917,292921272,97,0,3,4,99,423,316,8254400
6808348917,119631156,31,1,7,3,15,247,181,8254400
6808348917,164685175,18,3,5,2,191,491,495,8254400
6808348917,157989498,19,1,3,3,47,336,246,8254400
6808348917,153836240,120,2,5,4,126,422,384,8254400
6808348917,148215639,48,4,0,10,246,778,698,6209166
6808348917,207829314,136,3,4,7,41,437,293,6209166
6808348917,129958758,92,9,0,6,157,643,563,6209166
6808348917,107803494,13,5,1,5,166,660,547,6209166
6808348917,183378746,3,2,2,13,17,407,270,6209166
6808292501,113331514,3,0,9,17,32,377,213,7119388
6808292501,321580662,6,9,7,8,659,768,866,7119388
6808292501,431770905,25,9,5,2,513,703,696,7119388
6808292501,256156323,136,1,12,13,57,433,243,7119388
6808292501,302214028,28,4,12,5,339,634,487,7119388
6808292501,38628747,5,5,7,23,49,540,297,8260983
6808292501,238239590,11,11,3,16,491,780,698,8260983
6808292501,126212866,135,14,5,19,353,724,600,8260983
6808292501,145550466,85,3,6,24,26,609,318,8260983
6808292501,97658618,89,11,2,17,657,722,922,8260983
6808330940,10366616,5,2,2,23,46,546,302,8291895
6808330940,100058342,81,16,2,3,267,663,662,8291895
6808330940,94786276,76,5,0,13,194,721,548,8291895
6808330940,86698277,29,3,1,19,255,746,599,8291895
6808330940,103735745,19,1,7,18,46,456,319,8291895
6808330940,87278757,30,4,6,4,81,360,287,1838315
6808330940,111030315,136,1,9,6,41,315,234,1838315
6808330940,127617979,10,1,4,3,242,538,455,1838315
6808330940,121769650,65,3,6,4,213,556,454,1838315
6808330940,86725175,69,3,3,5,207,542,586,1838315
6808300252,127565532,87,4,7,26,18,569,331,8605863
6808300252,96803083,113,6,6,19,338,753,703,8605863
6808300252,331855530,80,12,1,12,441,892,757,8605863
6808300252,140288368,85,6,5,20,189,755,470,8605863
6808300252,196878136,136,10,4,14,85,739,389,8605863
6808300252,100471531,53,10,9,7,321,808,610,350190
6808300252,102099826,88,2,8,10,29,433,220,350190
6808300252,164532005,137,5,9,5,253,628,465,350190
6808300252,132309493,73,6,3,5,375,761,794,350190
6808300252,148526973,22,0,9,16,124,400,366,350190
6808255902,100594231,85,0,6,7,27,227,172,7732977
6808255902,155494381,123,0,4,11,73,295,236,7732977
6808255902,324277900,106,8,5,4,357,539,501,7732977
6808255902,156328257,129,1,12,8,212,361,340,7732977
6808255902,392565237,6,4,5,3,440,544,531,7732977
6808255902,117421467,75,4,0,23,70,477,389,8721219
6808255902,195108598,137,7,2,19,237,656,504,8721219
6808255902,159020918,136,5,8,13,48,600,336,8721219
6808255902,106305042,52,9,2,11,428,867,731,8721219
6808255902,177411785,53,6,1,16,534,880,831,8721219
6808247109,87278757,33,0,5,2,70,222,211,1838315
6808247109,111030315,51,1,7,6,37,312,224,1838315
6808247109,127617979,10,1,3,3,156,477,396,1838315
6808247109,121769650,98,6,6,1,163,468,446,1838315
6808247109,86725175,120,0,6,4,120,415,342,1838315
6808247109,10366616,5,5,3,10,51,470,356,8291895
6808247109,100058342,89,6,0,6,269,612,679,8291895
6808247109,94786276,100,4,2,13,128,643,494,8291895
6808247109,86698277,38,10,0,11,225,702,716,8291895
6808247109,103735745,85,2,3,12,47,392,318,8291895
6808212619,91730177,75,2,7,8,38,267,240,8599101
6808212619,116934015,95,2,8,3,279,636,498,8599101
6808212619,97590558,33,0,8,11,199,373,372,8599101
6808212619,190826739,106,8,2,7,328,616,556,8599101
6808212619,16497807,7,3,8,11,83,351,253,8599101
6808212619,206642367,11,14,2,9,380,897,762,6209804
6808212619,106863163,17,13,3,10,292,816,629,6209804
6808212619,94738847,38,2,1,21,257,789,505,6209804
6808212619,139876032,136,2,6,13,90,441,325,6209804
6808212619,94296097,20,1,3,11,41,372,294,6209804
6808199906,898754153,10,7,0,5,448,839,714,15
6808199906,173978074,19,6,5,7,277,741,543,15
6808199906,118134220,13,3,6,9,248,642,476,15
6808199906,157475523,33,0,8,14,132,379,360,15
6808199906,111114687,110,4,6,5,41,501,278,15
6808199906,54580962,85,0,5,13,29,307,221,2163
6808199906,73562326,2,8,4,6,229,587,441,2163
6808199906,152962063,120,4,2,13,358,708,533,2163
6808199906,77490514,86,2,7,8,76,456,257,2163
6808199906,72312627,35,11,2,7,418,670,678,2163
6808178906,183719386,98,11,4,13,337,753,594,2586976
6808178906,90125566,64,4,13,15,29,418,304,2586976
6808178906,93618577,137,7,8,16,262,739,472,2586976
6808178906,167976729,80,3,5,13,362,758,563,2586976
6808178906,401792574,111,4,8,14,46,512,297,2586976
6808178906,86799300,5,2,11,17,105,441,313,7390454
6808178906,221666230,106,12,1,17,356,779,590,7390454
6808178906,87063175,9,12,5,19,254,598,461,7390454
6808178906,108452107,10,7,3,6,465,777,616,7390454
6808178906,86726887,136,5,9,21,83,483,264,7390454
6808134162,100594231,58,3,2,16,183,516,396,7732977
6808134162,155494381,123,4,4,13,190,611,363,7732977
6808134162,324277900,137,12,2,13,321,655,534,7732977
6808134162,156328257,29,6,3,20,343,686,521,7732977
6808134162,392565237,11,5,3,10,599,714,751,7732977
6808134162,117421467,85,2,3,9,161,397,360,8721219
6808134162,195108598,38,0,8,8,326,396,413,8721219
6808134162,159020918,101,3,8,6,20,288,207,8721219
6808134162,106305042,120,7,6,4,376,533,496,8721219
6808134162,177411785,95,2,6,6,459,504,527,8721219
6808167860,86745912,11,9,1,11,263,689,682,39
6808167860,154715080,74,10,1,15,163,638,600,39
6808167860,124801257,61,9,0,6,235,662,642,39
6808167860,94155156,84,3,0,20,33,465,311,39
6808167860,25907144,27,3,5,18,33,419,328,39
6808167860,125995177,85,0,10,6,28,248,223,8131728
6808167860,131303632,126,2,5,2,138,322,312,8131728
6808167860,138177198,2,2,6,0,182,484,433,8131728
6808167860,105045291,128,2,8,3,104,305,246,8131728
6808167860,191290281,10,1,6,1,250,497,480,8131728
6808122743,206642367,10,11,0,14,372,891,690,6209804
6808122743,106863163,52,12,2,13,328,764,662,6209804
6808122743,139876032,88,1,2,24,30,420,250,6209804
6808122743,94738847,55,3,1,24,221,700,450,6209804
6808122743,94296097,128,6,2,23,85,401,363,6209804
6808122743,91730177,58,2,7,3,114,284,280,8599101
6808122743,116934015,48,2,4,3,319,581,509,8599101
6808122743,97590558,92,3,7,3,190,446,396,8599101
6808122743,190826739,11,0,5,3,320,486,470,8599101
6808122743,16497807,7,0,10,6,52,314,268,8599101
6808106195,898754153,54,5,2,21,341,824,613,15
6808106195,173978074,25,15,5,7,463,826,808,15
6808106195,118134220,33,4,7,19,219,594,463,15
6808106195,157475523,19,4,9,20,143,752,411,15
6808106195,111114687,87,4,6,20,67,593,357,15
6808106195,54580962,85,6,7,14,61,366,268,2163
6808106195,73562326,38,0,5,15,329,545,451,2163
6808106195,152962063,52,12,6,12,459,925,621,2163
6808106195,77490514,137,3,8,14,173,637,343,2163
6808106195,72312627,99,7,6,8,436,716,570,2163
6808093837,125995177,68,2,7,3,18,206,199,8131728
6808093837,131303632,19,4,5,3,109,382,328,8131728
6808093837,138177198,120,0,6,2,138,348,336,8131728
6808093837,105045291,18,0,8,4,34,230,190,8131728
6808093837,191290281,10,1,5,2,267,610,512,8131728
6808093837,86745912,11,6,1,3,281,692,651,39
6808093837,154715080,17,7,3,9,175,655,517,39
6808093837,124801257,38,11,0,10,220,597,639,39
6808093837,94155156,84,3,2,13,28,406,296,39
6808093837,25907144,101,4,2,13,14,446,284,39
6808093633,86799300,128,1,7,5,55,260,222,7390454
6808093633,221666230,65,5,3,5,195,522,446,7390454
6808093633,87063175,43,2,4,4,148,451,372,7390454
6808093633,108452107,6,2,4,5,206,466,415,7390454
6808093633,86726887,137,1,10,5,43,243,193,7390454
6808093633,183719386,16,8,4,5,167,575,486,2586976
6808093633,93618577,106,10,1,14,199,676,552,2586976
6808093633,90125566,51,1,5,19,17,349,245,2586976
6808093633,167976729,10,5,0,11,354,752,696,2586976
6808093633,401792574,111,4,2,12,28,407,270,2586976
6808446343,292921272,38,2,4,10,180,496,387,8254400
6808446343,157989498,19,2,12,9,83,357,255,8254400
6808446343,119631156,128,3,6,7,88,337,266,8254400
6808446343,164685175,14,1,9,7,408,587,511,8254400
6808446343,153836240,114,11,6,4,224,593,481,8254400
6808446343,148215639,54,9,2,15,297,855,707,6209166
6808446343,207829314,136,6,5,19,24,614,337,6209166
6808446343,129958758,61,5,2,27,215,796,579,6209166
6808446343,107803494,52,13,3,13,252,778,679,6209166
6808446343,183378746,31,4,8,24,31,474,361,6209166
6808433308,38628747,5,4,7,8,50,338,249,8260983
6808433308,238239590,11,5,5,7,360,567,571,8260983
6808433308,126212866,135,5,4,7,281,653,511,8260983
6808433308,145550466,85,1,9,8,13,287,216,8260983
6808433308,97658618,80,3,2,5,315,545,527,8260983
6808433308,113331514,58,3,5,11,111,415,344,7119388
6808433308,321580662,10,14,2,3,482,872,843,7119388
6808433308,431770905,120,6,3,14,296,749,556,7119388
6808433308,256156323,128,1,4,13,94,535,378,7119388
6808433308,302214028,129,3,4,13,273,715,569,7119388
6808416013,100471531,114,14,5,20,135,609,459,350190
6808416013,102099826,87,5,1,34,31,601,331,350190
6808416013,164532005,120,15,5,15,289,764,623,350190
6808416013,132309493,109,9,1,21,393,680,721,350190
6808416013,148526973,85,3,5,27,37,503,334,350190
6808416013,127565532,75,1,8,12,45,357,237,8605863
6808416013,96803083,74,6,4,9,412,683,673,8605863
6808416013,331855530,11,5,13,5,415,706,622,8605863
6808416013,140288368,104,4,13,6,116,367,324,8605863
6808416013,196878136,88,1,8,9,34,431,237,8605863
6809621786,100594231,85,1,3,9,33,252,204,7732977
6809621786,155494381,123,3,6,9,57,317,250,7732977
6809621786,324277900,19,2,8,10,131,401,316,7732977
6809621786,156328257,43,3,7,7,188,439,377,7732977
6809621786,392565237,46,2,4,3,383,694,622,7732977
6809621786,898754153,11,13,2,2,303,764,742,15
6809621786,173978074,17,7,1,9,223,704,563,15
6809621786,118134220,61,2,0,16,290,713,598,15
6809621786,157475523,136,5,6,16,78,439,362,15
6809621786,111114687,87,1,4,19,30,376,283,15
6809612544,86745912,109,12,1,8,384,670,762,39
6809612544,154715080,137,10,0,11,192,670,504,39
6809612544,124801257,61,7,3,11,321,624,597,39
6809612544,94155156,18,0,4,20,86,480,304,39
6809612544,25907144,27,2,5,14,48,455,307,39
6809612544,91730177,136,0,7,10,67,305,228,8599101
6809612544,116934015,6,4,8,4,269,483,491,8599101
6809612544,97590558,78,5,5,5,199,399,425,8599101
6809612544,190826739,120,3,5,4,323,508,446,8599101
6809612544,16497807,87,1,6,9,31,273,238,8599101
6809580040,117421467,75,12,10,24,143,554,432,8721219
6809580040,195108598,135,8,4,32,488,697,621,8721219
6809580040,159020918,88,1,8,39,32,610,342,8721219
6809580040,106305042,22,10,4,31,465,696,672,8721219
6809580040,177411785,35,21,3,16,636,685,754,8721219
6809580040,86799300,20,1,14,14,205,555,395,7390454
6809580040,221666230,11,9,8,6,806,736,763,7390454
6809580040,87063175,28,13,7,11,495,640,612,7390454
6809580040,108452107,114,4,9,15,502,626,579,7390454
6809580040,86726887,19,2,14,12,113,488,336,7390454
6809561963,206642367,4,19,5,11,573,741,680,6209804
6809561963,106863163,106,13,3,13,588,737,685,6209804
6809561963,94738847,33,3,9,23,325,591,424,6209804
6809561963,139876032,19,3,18,18,105,418,258,6209804
6809561963,94296097,87,0,11,31,75,417,269,6209804
6809561963,125995177,51,3,16,26,83,429,325,8131728
6809561963,131303632,120,8,5,24,468,796,572,8131728
6809561963,138177198,129,6,7,32,345,671,515,8131728
6809561963,105045291,75,5,7,23,167,598,360,8131728
6809561963,191290281,11,24,3,12,690,832,855,8131728
6809556554,100471531,33,3,7,25,365,579,495,350190
6809556554,102099826,19,1,11,22,200,572,375,350190
6809556554,164532005,35,19,6,14,542,665,704,350190
6809556554,132309493,109,11,5,12,627,706,707,350190
6809556554,148526973,85,3,9,23,62,471,332,350190
6809556554,148215639,6,15,4,14,938,745,927,6209166
6809556554,129958758,97,4,3,23,283,666,432,6209166
6809556554,107803494,52,14,8,18,700,699,743,6209166
6809556554,207829314,137,2,17,14,168,522,314,6209166
6809556554,183378746,75,3,6,24,157,420,415,6209166
6809585544,898754153,18,6,0,6,352,825,781,15
6809585544,173978074,52,8,2,4,289,695,686,15
6809585544,118134220,137,5,2,6,191,619,495,15
6809585544,157475523,7,2,1,12,71,484,336,15
6809585544,111114687,91,1,1,10,9,469,243,15
6809585544,100594231,68,1,6,3,18,219,170,7732977
6809585544,155494381,119,1,5,4,21,244,170,7732977
6809585544,324277900,74,3,3,3,140,432,407,7732977
6809585544,156328257,129,0,4,3,160,401,371,7732977
6809585544,392565237,10,1,4,1,217,546,461,7732977
6809547720,375507918,114,12,6,2,342,728,705,8597976
6809547720,301750126,65,6,6,10,169,588,438,8597976
6809547720,87012746,33,1,4,13,210,458,415,8597976
6809547720,193815691,5,1,11,15,45,340,245,8597976
6809547720,143278997,100,1,10,15,36,327,242,8597976
6809547720,292921272,40,6,4,24,193,538,508,8254400
6809547720,157989498,136,8,3,22,30,552,358,8254400
6809547720,119631156,20,0,7,28,41,436,320,8254400
6809547720,164685175,89,12,2,10,365,844,781,8254400
6809547720,153836240,11,9,5,13,315,785,722,8254400
6809539681,38628747,33,3,6,9,202,506,385,8260983
6809539681,238239590,120,7,2,6,338,705,561,8260983
6809539681,126212866,104,4,10,12,187,529,411,8260983
6809539681,145550466,50,0,5,14,31,392,220,8260983
6809539681,97658618,89,6,4,5,536,556,703,8260983
6809539681,127565532,64,2,7,16,54,457,295,8605863
6809539681,96803083,113,5,1,11,394,838,793,8605863
6809539681,331855530,80,11,3,10,403,806,739,8605863
6809539681,140288368,78,4,5,16,167,570,448,8605863
6809539681,196878136,19,5,4,15,74,513,328,8605863
6809523804,87278757,3,4,5,17,146,600,377,1838315
6809523804,111030315,88,4,6,29,31,632,285,1838315
6809523804,121769650,23,14,3,16,617,744,818,1838315
6809523804,127617979,4,25,2,13,427,826,708,1838315
6809523804,86725175,33,5,5,33,388,631,563,1838315
6809523804,113331514,51,2,18,13,29,398,298,7119388
6809523804,321580662,67,10,6,6,495,726,661,7119388
6809523804,431770905,120,3,9,7,515,685,554,7119388
6809523804,302214028,38,5,7,10,336,657,486,7119388
6809523804,256156323,75,1,12,8,112,337,267,7119388
6809522859,155332459,136,2,6,7,24,291,187,7391077
6809522859,408729743,135,1,9,3,145,364,327,7391077
6809522859,352545711,22,4,2,5,235,540,479,7391077
6809522859,117089283,50,2,7,4,20,206,182,7391077
6809522859,339235645,48,3,4,6,348,552,556,7391077
6809522859,10366616,5,2,2,12,73,483,326,8291895
6809522859,100058342,93,12,1,8,291,749,681,8291895
6809522859,94786276,137,3,1,14,308,798,605,8291895
6809522859,86698277,92,8,4,13,238,734,582,8291895
6809522859,103735745,85,3,5,18,102,470,369,8291895
6809499025,100471531,33,4,2,26,269,595,488,350190
6809499025,102099826,123,8,1,16,427,693,618,350190
6809499025,164532005,19,17,3,8,479,660,728,350190
6809499025,132309493,93,7,0,13,458,681,566,350190
6809499025,148526973,85,0,7,24,53,445,296,350190
6809499025,148215639,89,3,3,4,1196,659,1010,6209166
6809499025,207829314,78,1,14,6,54,299,245,6209166
6809499025,129958758,137,1,3,9,320,507,387,6209166
6809499025,107803494,43,7,9,5,444,622,517,6209166
6809499025,183378746,75,1,7,5,82,242,254,6209166
6809420587,898754153,114,14,2,2,203,738,659,15
6809420587,173978074,137,6,1,17,143,622,507,15
6809420587,118134220,38,3,1,20,168,635,528,15
6809420587,157475523,119,4,4,13,26,394,302,15
6809420587,111114687,66,4,1,15,84,442,370,15
6809420587,206642367,11,2,3,2,242,545,505,6209804
6809420587,106863163,120,3,8,4,159,474,430,6209804
6809420587,94738847,64,1,8,5,87,363,277,6209804
6809420587,139876032,88,0,5,5,26,346,184,6209804
6809420587,94296097,128,3,8,4,31,269,236,6209804
6809506315,292921272,92,5,2,10,174,543,501,8254400
6809506315,153836240,11,6,6,6,224,586,601,8254400
6809506315,119631156,5,1,5,7,25,372,274,8254400
6809506315,164685175,89,1,2,12,341,572,678,8254400
6809506315,157989498,51,5,4,9,32,376,284,8254400
6809506315,375507918,10,4,2,4,272,525,535,8597976
6809506315,301750126,39,9,1,7,248,646,569,8597976
6809506315,87012746,135,3,2,12,217,620,496,8597976
6809506315,193815691,136,3,6,10,52,336,281,8597976
6809506315,143278997,85,0,7,11,37,327,205,8597976
6809501366,38628747,123,5,3,12,84,433,328,8260983
6809501366,238239590,52,7,0,9,309,653,677,8260983
6809501366,126212866,2,6,0,10,236,696,545,8260983
6809501366,145550466,57,2,0,6,24,406,254,8260983
6809501366,97658618,114,6,0,10,244,709,569,8260983
6809501366,127565532,75,2,9,1,19,223,180,8605863
6809501366,96803083,120,0,3,2,215,483,395,8605863
6809501366,331855530,6,1,3,1,299,564,509,8605863
6809501366,140288368,89,0,4,1,209,289,367,8605863
6809501366,196878136,19,0,7,2,76,288,222,8605863
6809481249,155332459,136,3,9,20,27,426,238,7391077
6809481249,408729743,135,1,8,19,214,561,409,7391077
6809481249,352545711,73,7,3,13,406,817,802,7391077
6809481249,117089283,5,0,7,14,45,461,282,7391077
6809481249,339235645,72,19,3,6,550,763,873,7391077
6809481249,10366616,128,4,6,18,151,539,412,8291895
6809481249,100058342,81,11,5,13,381,718,600,8291895
6809481249,94786276,74,6,3,14,374,778,665,8291895
6809481249,86698277,38,5,6,19,326,663,503,8291895
6809481249,103735745,85,4,10,22,93,514,319,8291895
6809483969,87278757,66,0,4,12,74,292,255,1838315
6809483969,111030315,27,0,10,9,26,313,198,1838315
6809483969,127617979,70,2,4,3,234,502,463,1838315
6809483969,86725175,137,7,4,4,236,581,511,1838315
6809483969,121769650,19,7,4,4,200,602,462,1838315
6809483969,113331514,51,2,4,14,24,315,248,7119388
6809483969,321580662,95,11,3,7,348,946,680,7119388
6809483969,431770905,52,7,0,8,339,852,628,7119388
6809483969,302214028,69,5,3,14,241,787,694,7119388
6809483969,256156323,88,0,6,9,47,401,242,7119388
6809417173,54580962,31,1,4,16,47,337,281,2163
6809417173,73562326,40,1,10,10,235,404,351,2163
6809417173,152962063,52,8,7,9,451,725,611,2163
6809417173,77490514,19,3,11,13,126,463,288,2163
6809417173,72312627,54,13,4,5,302,558,514,2163
6809417173,91730177,58,7,4,16,224,694,462,8599101
6809417173,116934015,70,12,5,11,372,785,648,8599101
6809417173,97590558,108,6,8,24,386,764,597,8599101
6809417173,190826739,11,6,3,13,564,901,718,8599101
6809417173,16497807,87,4,6,24,63,556,315,8599101
6809455169,183719386,15,13,7,14,490,785,591,2586976
6809455169,90125566,128,5,12,19,102,388,268,2586976
6809455169,93618577,126,8,7,13,392,648,501,2586976
6809455169,167976729,73,11,8,19,694,796,1034,2586976
6809455169,401792574,107,5,11,26,126,504,343,2586976
6809455169,125995177,85,3,19,24,85,398,342,8131728
6809455169,131303632,22,8,5,34,386,658,627,8131728
6809455169,138177198,61,6,5,32,344,703,534,8131728
6809455169,105045291,123,6,8,31,152,582,402,8131728
6809455169,191290281,41,21,5,19,561,1011,841,8131728
6809462072,91730177,58,7,6,6,154,535,376,8599101
6809462072,116934015,41,6,6,6,260,678,497,8599101
6809462072,97590558,137,2,9,12,142,376,326,8599101
6809462072,190826739,120,7,6,10,268,604,490,8599101
6809462072,16497807,128,3,6,9,125,389,358,8599101
6809462072,54580962,30,11,3,13,56,548,388,2163
6809462072,73562326,96,0,8,19,200,543,436,2163
6809462072,152962063,52,9,4,15,435,953,744,2163
6809462072,77490514,51,1,8,16,46,461,268,2163
6809462072,72312627,35,12,2,9,344,878,684,2163
6809456477,100594231,87,2,3,9,27,317,235,7732977
6809456477,324277900,11,11,3,3,440,716,642,7732977
6809456477,156328257,110,3,3,8,202,472,374,7732977
6809456477,392565237,14,1,7,10,380,641,533,7732977
6809456477,155494381,19,0,7,7,86,386,261,7732977
6809456477,86799300,103,3,3,15,89,535,372,7390454
6809456477,221666230,74,4,6,9,231,675,512,7390454
6809456477,87063175,92,8,2,12,294,758,502,7390454
6809456477,108452107,10,6,0,4,453,789,699,7390454
6809456477,86726887,137,2,6,14,95,502,304,7390454
6809454703,117421467,75,0,1,2,17,188,164,8721219
6809454703,195108598,137,1,2,2,73,349,317,8721219
6809454703,159020918,71,0,5,2,9,227,146,8721219
6809454703,106305042,39,2,2,2,103,495,394,8721219
6809454703,177411785,53,0,1,3,118,388,361,8721219
6809454703,86745912,89,3,1,1,169,595,520,39
6809454703,154715080,13,2,1,1,129,469,450,39
6809454703,124801257,15,2,1,3,143,451,491,39
6809454703,94155156,5,2,1,4,26,310,241,39
6809454703,25907144,136,1,0,5,15,316,196,39
6809417360,86745912,14,8,2,16,228,649,517,39
6809417360,154715080,46,8,3,15,322,786,652,39
6809417360,124801257,137,10,1,22,252,691,553,39
6809417360,94155156,18,6,4,20,52,483,335,39
6809417360,25907144,128,3,7,21,111,547,364,39
6809417360,117421467,20,1,10,11,38,351,218,8721219
6809417360,195108598,28,2,3,10,233,521,415,8721219
6809417360,159020918,51,2,13,8,55,267,237,8721219
6809417360,106305042,120,8,6,6,291,520,516,8721219
6809417360,177411785,92,4,3,10,229,460,394,8721219
6809417403,100594231,75,0,4,2,44,247,186,7732977
6809417403,155494381,100,0,8,3,52,280,234,7732977
6809417403,324277900,13,0,2,1,286,535,496,7732977
6809417403,156328257,43,1,6,2,185,379,366,7732977
6809417403,392565237,11,2,6,0,300,440,471,7732977
6809417403,86799300,85,2,3,13,55,383,316,7390454
6809417403,221666230,35,14,0,6,324,697,733,7390454
6809417403,87063175,33,2,0,17,234,621,549,7390454
6809417403,108452107,114,4,0,15,229,667,529,7390454
6809417403,86726887,19,4,0,10,52,486,318,7390454
6809419010,183719386,47,5,1,6,216,575,536,2586976
6809419010,93618577,34,3,1,9,237,774,560,2586976
6809419010,90125566,66,1,4,11,45,321,269,2586976
6809419010,167976729,61,9,2,3,323,709,676,2586976
6809419010,401792574,7,3,3,9,69,391,305,2586976
6809419010,125995177,50,4,4,7,51,326,257,8131728
6809419010,131303632,11,2,4,4,282,511,480,8131728
6809419010,138177198,38,1,5,5,171,444,331,8131728
6809419010,105045291,9,0,6,7,70,290,238,8131728
6809419010,191290281,81,4,2,4,282,501,539,8131728
6810103823,54580962,85,2,5,18,56,487,319,2163
6810103823,73562326,33,3,2,16,215,593,494,2163
6810103823,152962063,74,11,2,16,270,700,582,2163
6810103823,77490514,88,2,5,16,38,412,271,2163
6810103823,72312627,93,14,1,10,253,692,604,2163
6810103823,100594231,75,3,9,9,34,298,254,7732977
6810103823,155494381,19,1,8,10,66,295,223,7732977
6810103823,324277900,25,5,7,4,296,582,499,7732977
6810103823,156328257,29,2,4,8,223,481,384,7732977
6810103823,392565237,54,4,4,4,309,506,483,7732977
6810014272,100594231,85,6,5,5,30,253,225,7732977
6810014272,155494381,128,2,6,7,42,263,240,7732977
6810014272,324277900,19,1,4,6,153,381,365,7732977
6810014272,156328257,108,2,4,4,184,415,419,7732977
6810014272,392565237,44,1,4,5,246,606,480,7732977
6810014272,54580962,87,1,5,17,18,326,263,2163
6810014272,73562326,38,8,1,11,152,576,511,2163
6810014272,152962063,120,5,1,10,198,655,534,2163
6810014272,77490514,136,4,3,12,56,477,335,2163
6810014272,72312627,48,5,4,11,255,650,618,2163
6809980949,117421467,75,3,5,5,46,351,270,8721219
6809980949,195108598,4,3,5,5,135,370,383,8721219
6809980949,159020918,137,2,7,6,66,367,258,8721219
6809980949,106305042,52,2,3,4,248,551,482,8721219
6809980949,177411785,95,1,5,3,170,400,383,8721219
6809980949,183719386,28,6,2,13,163,546,472,2586976
6809980949,93618577,120,6,3,12,269,684,593,2586976
6809980949,90125566,5,2,3,11,24,389,264,2586976
6809980949,167976729,48,8,1,7,365,743,754,2586976
6809980949,401792574,111,2,2,14,37,442,337,2586976
6809858739,183719386,98,6,5,1,357,761,600,2586976
6809858739,93618577,13,2,6,3,308,631,520,2586976
6809858739,90125566,58,2,9,4,37,234,193,2586976
6809858739,167976729,70,3,6,5,287,607,518,2586976
6809858739,401792574,79,0,12,9,74,319,250,2586976
6809858739,117421467,5,4,5,25,69,536,373,8721219
6809858739,195108598,92,8,2,17,188,627,516,8721219
6809858739,159020918,137,2,6,16,71,539,321,8721219
6809858739,106305042,52,15,0,15,350,942,764,8721219
6809858739,177411785,41,8,0,9,197,742,545,8721219
6809991048,898754153,89,0,4,4,518,542,714,15
6809991048,173978074,52,7,3,3,378,624,567,15
6809991048,118134220,104,2,8,9,294,448,370,15
6809991048,157475523,51,1,5,6,133,432,263,15
6809991048,111114687,85,2,9,7,50,284,218,15
6809991048,91730177,40,1,5,20,71,425,319,8599101
6809991048,116934015,14,9,1,14,336,927,662,8599101
6809991048,97590558,61,1,2,10,346,753,628,8599101
6809991048,190826739,137,14,3,9,195,696,562,8599101
6809991048,16497807,75,3,1,17,93,579,351,8599101
6809576271,183719386,120,10,7,19,303,623,488,2586976
6809576271,93618577,65,9,4,23,357,888,533,2586976
6809576271,90125566,58,7,4,10,57,501,254,2586976
6809576271,167976729,46,15,3,14,519,840,725,2586976
6809576271,401792574,75,2,6,31,125,520,330,2586976
6809576271,54580962,30,3,12,11,46,343,268,2163
6809576271,73562326,33,3,8,13,281,635,497,2163
6809576271,152962063,11,6,6,7,535,747,730,2163
6809576271,77490514,51,3,8,14,44,636,289,2163
6809576271,72312627,14,9,9,12,354,751,575,2163
6809894646,125995177,51,1,9,17,63,462,328,8131728
6809894646,131303632,13,6,3,11,299,810,581,8131728
6809894646,138177198,40,2,5,20,183,591,423,8131728
6809894646,105045291,136,1,12,14,80,419,304,8131728
6809894646,191290281,10,17,3,6,527,925,896,8131728
6809894646,86799300,3,0,8,20,50,397,271,7390454
6809894646,221666230,137,6,3,17,273,613,508,7390454
6809894646,87063175,38,8,3,11,270,517,463,7390454
6809894646,108452107,109,11,3,7,452,720,681,7390454
6809894646,86726887,101,6,10,15,29,392,259,7390454
6809741589,54580962,128,4,2,24,96,539,380,2163
6809741589,73562326,61,6,3,19,332,729,560,2163
6809741589,152962063,11,16,1,12,485,851,810,2163
6809741589,77490514,100,8,8,27,34,442,308,2163
6809741589,72312627,43,14,3,19,288,720,546,2163
6809741589,183719386,15,3,14,6,337,488,466,2586976
6809741589,93618577,97,5,7,7,421,614,504,2586976
6809741589,90125566,85,2,14,10,29,307,212,2586976
6809741589,167976729,113,5,1,8,673,723,817,2586976
6809741589,401792574,7,1,12,13,183,412,283,2586976
6809888330,898754153,14,2,4,21,483,825,635,15
6809888330,173978074,35,14,3,8,418,788,727,15
6809888330,118134220,135,9,0,18,438,852,662,15
6809888330,157475523,136,6,6,19,101,582,353,15
6809888330,111114687,75,9,4,16,53,586,349,15
6809888330,91730177,84,1,14,7,18,303,192,8599101
6809888330,116934015,11,3,10,5,404,662,554,8599101
6809888330,97590558,61,4,6,4,329,533,473,8599101
6809888330,190826739,106,5,4,8,281,558,478,8599101
6809888330,16497807,86,4,6,6,127,430,327,8599101
6809895411,87278757,66,0,0,14,93,409,323,1838315
6809895411,111030315,100,4,3,12,30,497,284,1838315
6809895411,127617979,54,10,0,7,233,741,626,1838315
6809895411,121769650,25,3,1,7,401,793,704,1838315
6809895411,86725175,33,5,0,11,203,587,522,1838315
6809895411,127565532,64,0,6,3,52,227,210,8605863
6809895411,96803083,113,2,1,1,288,665,627,8605863
6809895411,331855530,52,1,8,1,299,516,469,8605863
6809895411,140288368,89,1,2,1,256,390,445,8605863
6809895411,196878136,88,0,5,4,39,278,229,8605863
6809806814,86799300,51,0,10,8,96,345,267,7390454
6809806814,221666230,25,6,4,4,314,602,539,7390454
6809806814,87063175,40,1,3,6,227,462,396,7390454
6809806814,108452107,18,3,0,6,312,671,506,7390454
6809806814,86726887,137,2,6,6,45,317,204,7390454
6809806814,125995177,85,3,5,7,22,299,265,8131728
6809806814,131303632,13,4,1,10,246,638,526,8131728
6809806814,138177198,63,3,3,14,174,564,433,8131728
6809806814,105045291,19,1,3,11,66,544,334,8131728
6809806814,191290281,11,12,1,6,477,845,881,8131728
6809875296,206642367,6,8,4,6,262,560,566,6209804
6809875296,106863163,65,4,7,11,189,529,423,6209804
6809875296,94738847,78,3,4,12,81,436,286,6209804
6809875296,139876032,136,5,7,9,66,382,269,6209804
6809875296,94296097,75,1,6,14,20,281,203,6209804
6809875296,86745912,11,6,4,10,287,601,603,39
6809875296,154715080,13,7,3,13,172,602,489,39
6809875296,124801257,77,7,0,16,201,674,554,39
6809875296,94155156,18,2,5,20,15,412,281,39
6809875296,25907144,20,5,9,17,28,425,332,39
6809815986,87278757,87,2,6,15,28,369,294,1838315
6809815986,111030315,136,11,3,16,29,578,363,1838315
6809815986,127617979,72,11,1,12,341,800,744,1838315
6809815986,121769650,23,2,1,18,255,666,555,1838315
6809815986,86725175,61,3,2,19,261,707,579,1838315
6809815986,127565532,64,3,7,6,73,252,211,8605863
6809815986,96803083,25,1,6,4,275,495,460,8605863
6809815986,331855530,106,6,4,3,342,727,530,8605863
6809815986,140288368,33,2,8,4,173,326,370,8605863
6809815986,196878136,88,1,5,8,36,311,208,8605863
6809802856,113331514,85,0,13,10,19,224,207,7119388
6809802856,321580662,41,2,7,7,295,635,521,7119388
6809802856,431770905,19,5,2,6,295,625,549,7119388
6809802856,256156323,64,2,8,8,48,344,237,7119388
6809802856,302214028,129,6,5,5,237,458,454,7119388
6809802856,10366616,5,5,6,16,115,549,389,8291895
6809802856,100058342,89,6,1,11,749,664,906,8291895
6809802856,94786276,100,10,4,11,248,630,536,8291895
6809802856,86698277,29,7,3,16,336,747,621,8291895
6809802856,103735745,136,7,2,19,78,556,351,8291895
6809812984,86745912,11,7,2,9,232,660,657,39
6809812984,154715080,17,4,3,12,160,660,487,39
6809812984,124801257,61,8,1,7,198,639,587,39
6809812984,94155156,51,6,2,19,25,389,303,39
6809812984,25907144,75,4,2,18,31,497,291,39
6809812984,206642367,10,0,5,1,144,424,346,6209804
6809812984,106863163,19,7,4,3,157,491,438,6209804
6809812984,94738847,135,1,5,3,142,376,344,6209804
6809812984,139876032,88,0,7,6,29,256,181,6209804
6809812984,94296097,31,2,8,5,33,221,205,6209804
6809783372,38628747,123,6,9,3,57,350,251,8260983
6809783372,238239590,137,1,7,8,166,414,346,8260983
6809783372,126212866,61,3,6,3,233,491,464,8260983
6809783372,145550466,79,1,13,7,31,205,207,8260983
6809783372,97658618,48,2,2,4,365,567,588,8260983
6809783372,292921272,106,16,1,13,169,720,502,8254400
6809783372,157989498,51,1,6,16,81,472,293,8254400
6809783372,119631156,5,0,5,17,86,416,295,8254400
6809783372,164685175,41,7,0,9,353,922,747,8254400
6809783372,153836240,52,13,1,13,393,951,756,8254400
6809734353,10366616,5,1,4,21,77,556,312,8291895
6809734353,100058342,54,13,0,8,286,750,649,8291895
6809734353,94786276,100,9,1,18,173,698,496,8291895
6809734353,86698277,69,5,2,14,266,805,733,8291895
6809734353,103735745,9,6,4,20,128,478,372,8291895
6809734353,113331514,79,2,11,4,30,217,204,7119388
6809734353,321580662,11,3,6,3,318,540,515,7119388
6809734353,431770905,74,2,3,4,275,536,565,7119388
6809734353,256156323,136,1,8,5,39,297,206,7119388
6809734353,302214028,2,2,7,2,166,409,343,7119388
6809742301,100471531,65,3,8,6,237,493,416,350190
6809742301,102099826,19,5,10,9,104,364,294,350190
6809742301,164532005,13,4,7,6,290,557,508,350190
6809742301,132309493,54,2,2,7,320,590,497,350190
6809742301,148526973,85,3,13,7,61,322,286,350190
6809742301,193815691,88,7,5,17,34,555,311,8597976
6809742301,301750126,52,8,4,14,418,854,694,8597976
6809742301,87012746,135,4,3,21,307,684,546,8597976
6809742301,375507918,15,15,2,16,405,890,780,8597976
6809742301,143278997,87,6,4,22,33,524,361,8597976
6809743691,155332459,88,2,8,12,32,297,194,7391077
6809743691,408729743,78,3,10,13,104,364,287,7391077
6809743691,352545711,106,5,4,12,323,617,544,7391077
6809743691,117089283,75,3,3,11,54,293,246,7391077
6809743691,339235645,14,4,6,9,351,621,572,7391077
6809743691,148215639,70,9,3,13,354,772,685,6209166
6809743691,129958758,92,4,4,18,194,566,457,6209166
6809743691,207829314,128,4,4,15,72,555,319,6209166
6809743691,107803494,19,11,2,13,186,666,507,6209166
6809743691,183378746,57,2,4,13,31,399,276,6209166
6809660879,86745912,11,7,3,8,300,655,708,39
6809660879,154715080,106,12,0,11,231,742,565,39
6809660879,124801257,33,4,0,19,228,596,535,39
6809660879,94155156,18,2,3,17,58,389,279,39
6809660879,25907144,9,4,2,15,52,412,312,39
6809660879,91730177,85,0,8,6,40,231,215,8599101
6809660879,116934015,6,0,4,3,307,544,534,8599101
6809660879,97590558,92,1,6,5,184,430,379,8599101
6809660879,190826739,137,5,4,1,169,437,386,8599101
6809660879,16497807,128,1,7,1,96,338,285,8599101
6809719707,292921272,78,7,0,9,230,607,503,8254400
6809719707,164685175,48,2,0,5,497,707,767,8254400
6809719707,157989498,88,2,2,10,29,407,262,8254400
6809719707,119631156,51,1,6,12,53,336,328,8254400
6809719707,153836240,13,6,2,7,280,592,576,8254400
6809719707,38628747,128,2,6,7,75,337,282,8260983
6809719707,238239590,52,2,2,1,359,611,545,8260983
6809719707,126212866,33,3,4,5,223,430,421,8260983
6809719707,145550466,57,0,4,3,20,294,197,8260983
6809719707,97658618,93,3,2,4,295,559,475,8260983
6809701946,155332459,88,2,4,17,22,447,241,7391077
6809701946,408729743,55,4,2,18,182,642,504,7391077
6809701946,352545711,19,14,1,13,131,734,556,7391077
6809701946,117089283,5,4,3,23,43,447,333,7391077
6809701946,339235645,46,9,1,15,263,802,687,7391077
6809701946,148215639,8,2,4,0,185,520,458,6209166
6809701946,129958758,92,3,4,3,137,460,402,6209166
6809701946,107803494,11,3,6,3,185,483,444,6209166
6809701946,207829314,136,1,10,5,18,272,178,6209166
6809701946,183378746,51,1,9,5,14,181,171,6209166
6809638522,206642367,1,4,4,5,522,780,689,6209804
6809638522,106863163,126,9,4,7,316,678,542,6209804
6809638522,94738847,61,4,7,9,316,474,466,6209804
6809638522,139876032,128,3,6,12,157,430,359,6209804
6809638522,94296097,3,0,7,7,23,267,252,6209804
6809638522,125995177,85,1,9,15,39,331,262,8131728
6809638522,131303632,120,10,3,14,427,743,513,8131728
6809638522,138177198,29,6,2,18,294,577,430,8131728
6809638522,105045291,123,2,5,16,81,494,330,8131728
6809638522,191290281,94,9,2,14,694,743,856,8131728
6809665094,100471531,137,5,6,19,346,666,529,350190
6809665094,102099826,19,6,10,16,89,576,298,350190
6809665094,164532005,120,9,6,16,441,683,620,350190
6809665094,132309493,109,6,4,14,574,603,669,350190
6809665094,148526973,85,6,13,20,78,449,352,350190
6809665094,375507918,93,8,4,14,490,829,677,8597976
6809665094,301750126,52,19,7,14,527,804,791,8597976
6809665094,87012746,38,5,5,23,394,637,543,8597976
6809665094,193815691,88,2,8,25,27,540,332,8597976
6809665094,143278997,58,5,8,22,179,542,433,8597976
6809656584,221666230,13,10,10,17,553,720,706,7390454
6809656584,108452107,67,10,5,26,555,817,757,7390454
6809656584,87063175,137,12,5,20,356,700,557,7390454
6809656584,86726887,121,4,8,27,125,615,389,7390454
6809656584,86799300,31,8,12,22,192,550,474,7390454
6809656584,117421467,136,4,11,15,118,474,299,8721219
6809656584,195108598,120,7,7,16,390,776,493,8721219
6809656584,159020918,27,6,13,17,77,490,290,8721219
6809656584,106305042,22,10,6,22,372,616,520,8721219
6809656584,177411785,53,13,8,10,608,819,750,8721219
6810974000,127565532,87,0,5,6,17,227,173,8605863
6810974000,96803083,74,4,6,2,237,509,519,8605863
6810974000,331855530,80,2,4,3,203,498,428,8605863
6810974000,140288368,78,2,6,4,115,338,293,8605863
6810974000,196878136,136,3,5,4,67,392,280,8605863
6810974000,10366616,31,4,4,9,41,408,281,8291895
6810974000,100058342,42,3,0,15,287,718,583,8291895
6810974000,94786276,120,8,5,13,184,719,508,8291895
6810974000,86698277,69,10,0,6,259,738,812,8291895
6810974000,103735745,123,1,2,17,59,501,274,8291895
6810950150,100594231,87,1,4,26,32,462,368,7732977
6810950150,155494381,136,8,5,29,124,629,396,7732977
6810950150,324277900,23,11,4,26,462,701,696,7732977
6810950150,156328257,33,4,5,31,275,689,495,7732977
6810950150,392565237,99,21,4,7,545,820,820,7732977
6810950150,86745912,89,7,5,8,886,513,850,39
6810950150,154715080,137,4,10,6,307,648,444,39
6810950150,124801257,47,5,8,7,382,655,516,39
6810950150,94155156,5,3,12,8,142,409,320,39
6810950150,25907144,86,3,10,14,126,554,333,39
6810944275,898754153,73,14,9,4,581,822,959,15
6810944275,173978074,11,8,8,12,488,731,604,15
6810944275,118134220,20,2,13,16,195,661,347,15
6810944275,157475523,88,1,16,15,40,441,261,15
6810944275,111114687,64,3,11,17,143,592,358,15
6810944275,117421467,110,7,8,36,182,652,450,8721219
6810944275,195108598,129,12,4,38,226,732,459,8721219
6810944275,159020918,136,9,9,27,54,600,326,8721219
6810944275,106305042,35,20,4,24,491,737,723,8721219
6810944275,177411785,53,9,3,32,554,751,741,8721219
6810950415,86799300,128,1,8,7,93,304,282,7390454
6810950415,221666230,106,6,3,3,223,547,454,7390454
6810950415,87063175,33,1,6,5,167,376,329,7390454
6810950415,108452107,35,3,0,3,263,537,489,7390454
6810950415,86726887,136,1,8,7,13,278,164,7390454
6810950415,91730177,85,2,2,19,28,427,284,8599101
6810950415,116934015,10,4,1,7,291,637,650,8599101
6810950415,97590558,78,4,3,12,215,590,531,8599101
6810950415,190826739,17,10,2,10,244,758,568,8599101
6810950415,16497807,86,5,4,13,61,387,324,8599101
6810942576,183719386,15,8,3,15,265,762,579,2586976
6810942576,93618577,120,9,2,18,248,763,587,2586976
6810942576,90125566,31,1,8,17,26,378,256,2586976
6810942576,167976729,54,8,1,11,245,749,582,2586976
6810942576,401792574,19,8,5,14,47,493,303,2586976
6810942576,206642367,63,5,8,2,213,553,452,6209804
6810942576,106863163,11,4,3,7,279,608,532,6209804
6810942576,94738847,137,5,5,8,137,470,360,6209804
6810942576,139876032,26,1,10,8,32,241,188,6209804
6810942576,94296097,57,2,9,7,28,277,252,6209804
6810932324,54580962,5,2,5,14,119,492,321,2163
6810932324,73562326,33,7,1,24,236,663,537,2163
6810932324,152962063,137,10,0,21,256,741,551,2163
6810932324,77490514,100,5,6,26,67,467,335,2163
6810932324,72312627,6,19,2,10,367,863,789,2163
6810932324,125995177,87,1,11,11,13,274,184,8131728
6810932324,131303632,120,1,8,4,302,563,472,8131728
6810932324,138177198,61,5,5,9,222,542,442,8131728
6810932324,105045291,19,3,14,4,57,306,268,8131728
6810932324,191290281,10,4,6,2,381,740,652,8131728
6810821187,87278757,75,4,3,9,113,439,344,1838315
6810821187,111030315,100,1,7,17,59,458,272,1838315
6810821187,127617979,114,11,2,7,338,735,605,1838315
6810821187,121769650,52,4,1,13,459,866,678,1838315
6810821187,86725175,97,6,0,11,201,662,438,1838315
6810821187,148215639,53,7,2,4,405,649,657,6209166
6810821187,207829314,19,1,9,4,36,297,229,6209166
6810821187,129958758,33,0,4,9,227,485,401,6209166
6810821187,107803494,106,3,7,8,222,539,425,6209166
6810821187,183378746,128,1,4,7,54,324,236,6209166
6810906509,100594231,30,3,5,13,29,355,309,7732977
6810906509,155494381,136,1,6,16,68,514,305,7732977
6810906509,324277900,52,12,2,10,386,888,720,7732977
6810906509,156328257,33,3,1,17,177,627,459,7732977
6810906509,392565237,99,9,1,11,366,828,711,7732977
6810906509,86745912,14,4,3,5,298,582,477,39
6810906509,154715080,74,6,3,5,252,512,490,39
6810906509,124801257,137,4,7,4,269,490,455,39
6810906509,94155156,66,1,5,7,103,314,262,39
6810906509,25907144,20,0,10,10,46,351,219,39
6810903428,91730177,58,7,3,10,135,467,426,8599101
6810903428,116934015,41,7,1,10,333,853,661,8599101
6810903428,97590558,78,7,2,18,254,757,557,8599101
6810903428,190826739,120,6,3,20,261,641,532,8599101
6810903428,16497807,75,1,6,20,67,433,319,8599101
6810903428,86799300,5,2,8,4,104,438,287,7390454
6810903428,221666230,52,3,7,6,402,652,578,7390454
6810903428,87063175,69,1,3,6,252,588,594,7390454
6810903428,108452107,54,6,3,2,336,657,537,7390454
6810903428,86726887,51,2,7,10,104,344,266,7390454
6810903010,117421467,136,4,12,12,18,314,214,8721219
6810903010,195108598,28,2,5,7,235,568,410,8721219
6810903010,159020918,7,1,8,11,66,401,247,8721219
6810903010,106305042,35,8,7,7,309,551,545,8721219
6810903010,177411785,52,6,7,6,245,455,438,8721219
6810903010,898754153,54,13,3,14,409,801,710,15
6810903010,173978074,25,9,4,17,504,908,794,15
6810903010,118134220,96,2,5,31,242,754,495,15
6810903010,157475523,137,11,6,11,169,720,455,15
6810903010,111114687,31,4,3,23,76,591,388,15
6810903559,206642367,6,9,6,4,243,550,514,6209804
6810903559,106863163,120,3,7,10,204,544,430,6209804
6810903559,94738847,135,2,4,9,207,534,422,6209804
6810903559,139876032,87,2,6,10,17,267,176,6209804
6810903559,94296097,85,1,12,7,28,237,194,6209804
6810903559,183719386,16,3,3,19,119,530,380,2586976
6810903559,90125566,128,8,5,20,48,418,365,2586976
6810903559,167976729,53,8,2,17,339,736,721,2586976
6810903559,93618577,11,12,4,10,316,716,666,2586976
6810903559,401792574,111,4,4,15,36,418,326,2586976
6810895741,54580962,128,5,3,13,71,374,366,2163
6810895741,73562326,61,5,2,11,166,524,494,2163
6810895741,152962063,120,5,1,6,216,615,534,2163
6810895741,77490514,88,1,2,13,40,409,272,2163
6810895741,72312627,80,11,1,8,192,670,622,2163
6810895741,125995177,85,1,9,4,28,204,169,8131728
6810895741,131303632,13,3,4,2,198,465,421,8131728
6810895741,138177198,78,0,5,4,128,300,315,8131728
6810895741,105045291,123,1,6,7,44,231,189,8131728
6810895741,191290281,4,4,3,3,236,593,542,8131728
6810872192,292921272,13,3,3,9,223,581,466,8254400
6810872192,119631156,75,4,4,10,46,335,267,8254400
6810872192,164685175,42,3,8,9,317,621,557,8254400
6810872192,157989498,100,3,11,13,15,287,200,8254400
6810872192,153836240,137,10,3,9,193,593,462,8254400
6810872192,113331514,110,8,6,8,96,482,362,7119388
6810872192,321580662,10,12,2,5,365,985,752,7119388
6810872192,431770905,17,2,3,12,297,736,524,7119388
6810872192,256156323,51,2,9,18,46,366,280,7119388
6810872192,302214028,69,5,4,6,275,706,733,7119388
6810862193,375507918,120,7,4,17,280,605,546,8597976
6810862193,301750126,25,18,0,6,365,803,748,8597976
6810862193,87012746,135,7,0,15,278,741,545,8597976
6810862193,193815691,88,1,3,25,45,485,247,8597976
6810862193,143278997,20,2,6,24,38,453,289,8597976
6810862193,127565532,85,2,9,7,19,300,222,8605863
6810862193,96803083,11,2,7,5,231,448,391,8605863
6810862193,331855530,6,2,4,4,328,632,542,8605863
6810862193,140288368,33,2,10,9,139,314,324,8605863
6810862193,196878136,19,5,6,4,34,298,209,8605863
6810862848,100471531,136,3,6,3,163,479,377,350190
6810862848,102099826,123,4,3,8,112,381,320,350190
6810862848,164532005,120,5,5,7,272,572,492,350190
6810862848,132309493,80,2,2,4,281,513,511,350190
6810862848,148526973,5,1,9,6,34,257,223,350190
6810862848,10366616,75,2,4,11,76,420,315,8291895
6810862848,100058342,89,10,0,6,705,630,988,8291895
6810862848,94786276,137,6,4,12,236,717,509,8291895
6810862848,86698277,29,4,4,12,250,650,502,8291895
6810862848,103735745,51,2,3,15,47,404,275,8291895
6810863490,87278757,87,3,4,23,45,428,307,1838315
6810863490,111030315,100,8,9,15,54,439,315,1838315
6810863490,127617979,4,13,0,12,322,833,626,1838315
6810863490,86725175,52,7,4,17,365,866,647,1838315
6810863490,121769650,23,5,2,15,340,734,584,1838315
6810863490,148215639,10,6,4,7,384,679,584,6209166
6810863490,183378746,5,3,10,9,35,360,233,6209166
6810863490,129958758,92,7,6,9,214,541,467,6209166
6810863490,207829314,19,3,9,8,53,411,250,6209166
6810863490,107803494,13,0,7,7,272,539,426,6209166
6810862170,155332459,88,2,8,4,28,362,215,7391077
6810862170,408729743,135,3,8,9,228,508,456,7391077
6810862170,352545711,23,8,3,7,317,648,612,7391077
6810862170,117089283,31,4,7,15,32,335,306,7391077
6810862170,339235645,114,5,10,7,197,540,443,7391077
6810862170,38628747,7,7,7,17,82,578,349,8260983
6810862170,238239590,11,7,3,16,319,788,678,8260983
6810862170,126212866,40,5,8,24,158,635,460,8260983
6810862170,145550466,75,7,2,23,27,553,328,8260983
6810862170,97658618,136,10,3,17,168,652,527,8260983
6810822833,292921272,33,5,3,20,237,571,481,8254400
6810822833,153836240,11,13,5,9,403,773,716,8254400
6810822833,119631156,136,3,7,20,20,495,338,8254400
6810822833,157989498,88,1,5,25,22,504,273,8254400
6810822833,164685175,42,9,4,12,482,803,773,8254400
6810822833,113331514,58,1,7,9,112,414,304,7119388
6810822833,321580662,114,4,4,8,564,715,661,7119388
6810822833,431770905,19,8,6,11,285,546,461,7119388
6810822833,256156323,86,6,11,12,87,339,266,7119388
6810822833,302214028,69,5,4,12,306,556,669,7119388
6810821982,375507918,14,4,4,13,396,793,604,8597976
6810821982,301750126,25,5,1,7,489,825,716,8597976
6810821982,87012746,136,6,4,8,164,525,381,8597976
6810821982,193815691,86,4,5,10,75,525,348,8597976
6810821982,143278997,85,3,8,9,31,352,274,8597976
6810821982,127565532,57,0,6,16,27,391,207,8605863
6810821982,96803083,65,6,3,13,306,589,468,8605863
6810821982,331855530,11,10,5,3,468,696,624,8605863
6810821982,140288368,75,4,4,13,183,451,351,8605863
6810821982,196878136,19,2,5,9,71,416,240,8605863
6810818538,100471531,14,3,9,2,343,522,474,350190
6810818538,102099826,51,4,10,6,50,251,206,350190
6810818538,164532005,59,4,7,3,295,517,482,350190
6810818538,132309493,43,1,2,6,343,579,478,350190
6810818538,148526973,31,0,7,7,83,257,236,350190
6810818538,10366616,5,2,4,16,98,452,339,8291895
6810818538,100058342,54,13,1,9,281,815,610,8291895
6810818538,94786276,137,8,4,14,212,590,505,8291895
6810818538,86698277,61,6,1,15,320,833,629,8291895
6810818538,103735745,123,6,2,16,111,526,373,8291895
6810825713,155332459,88,5,8,22,31,543,308,7391077
6810825713,408729743,128,6,5,26,224,679,494,7391077
6810825713,352545711,19,11,4,13,315,865,639,7391077
6810825713,117089283,87,0,4,23,48,467,305,7391077
6810825713,339235645,14,18,1,12,389,976,781,7391077
6810825713,38628747,9,2,4,13,111,420,298,8260983
6810825713,238239590,120,9,5,6,304,690,533,8260983
6810825713,126212866,28,1,8,9,225,517,380,8260983
6810825713,145550466,51,3,15,13,36,258,214,8260983
6810825713,97658618,11,5,10,7,278,645,451,8260983
6810986033,155332459,136,4,11,23,85,659,353,7391077
6810986033,408729743,40,8,11,20,207,558,418,7391077
6810986033,352545711,22,14,4,17,391,858,691,7391077
6810986033,117089283,5,5,9,24,50,400,274,7391077
6810986033,339235645,41,16,3,17,435,1028,763,7391077
6810986033,292921272,69,8,7,15,314,889,784,8254400
6810986033,153836240,128,7,6,15,263,758,565,8254400
6810986033,119631156,85,1,13,28,43,518,284,8254400
6810986033,164685175,11,16,9,10,499,807,869,8254400
6810986033,157989498,107,5,13,25,38,500,307,8254400
6810984589,113331514,5,2,8,7,58,287,213,7119388
6810984589,321580662,95,3,6,2,469,628,551,7119388
6810984589,431770905,13,5,0,4,554,706,614,7119388
6810984589,256156323,19,0,8,5,152,398,321,7119388
6810984589,302214028,137,3,5,3,257,441,410,7119388
6810984589,148215639,15,4,0,12,392,743,614,6209166
6810984589,207829314,136,3,3,14,52,491,280,6209166
6810984589,129958758,61,3,5,14,279,631,492,6209166
6810984589,107803494,52,14,1,10,355,824,684,6209166
6810984589,183378746,79,3,4,11,50,412,299,6209166
